figure,study,matrix,case,parameter,condition,relative_pixel_uncertainty
8,epsilon,local,1,1e-08,693173705.5798395,0.20371875188611543
8,epsilon,local,1,1e-07,69315171.31386217,0.20371875188611543
8,epsilon,local,1,1e-06,6930865.803840688,0.20371875188611543
8,epsilon,local,1,1e-05,693150.8726770029,0.20371875188611543
8,epsilon,local,1,0.0001,69329.95101507785,0.20371875188611543
8,epsilon,local,1,0.001,6986.964492502335,0.20371875188611543
8,epsilon,local,1,0.01,1124.696754731382,0.20371875188611543
8,epsilon,local,1,0.1,2481.5137508814205,0.20371875188611543
8,epsilon,local,1,1.0,50984.224714246164,0.20371875188611543
8,epsilon,local,1,10.0,3908794.7217107895,0.20371875188611543
8,epsilon,local,1,100.0,389625677.2881408,0.20371875188611543
8,epsilon,local,1,1000.0,38962614971.83726,0.20371875188611543
8,epsilon,local,1,10000.0,3895538745534.625,0.20371875188611543
8,epsilon,local,2,1e-08,557.5244223880565,0.20371875188611543
8,epsilon,local,2,1e-07,556.9552865065087,0.20371875188611543
8,epsilon,local,2,1e-06,550.1801432946321,0.20371875188611543
8,epsilon,local,2,1e-05,492.71118722870494,0.20371875188611543
8,epsilon,local,2,0.0001,265.4615351343883,0.20371875188611543
8,epsilon,local,2,0.001,63.37898547918905,0.20371875188611543
8,epsilon,local,2,0.01,27.994354048535104,0.20371875188611543
8,epsilon,local,2,0.1,349.70293001779726,0.20371875188611543
8,epsilon,local,2,1.0,7818.019653084649,0.20371875188611543
8,epsilon,local,2,10.0,95027.52958541163,0.20371875188611543
8,epsilon,local,2,100.0,971475.4533454643,0.20371875188611543
8,epsilon,local,2,1000.0,9735478.831877863,0.20371875188611543
8,epsilon,local,2,10000.0,97381844.02981904,0.20371875188611543
8,epsilon,local,3,1e-08,7544276.3689969005,0.20371875188611543
8,epsilon,local,3,1e-07,754399.4323093246,0.20371875188611543
8,epsilon,local,3,1e-06,75439.57734127088,0.20371875188611543
8,epsilon,local,3,1e-05,7544.678874384977,0.20371875188611543
8,epsilon,local,3,0.0001,755.4478267206056,0.20371875188611543
8,epsilon,local,3,0.001,79.23178666245227,0.20371875188611543
8,epsilon,local,3,0.01,32.14131636852744,0.20371875188611543
8,epsilon,local,3,0.1,498.8717790945154,0.20371875188611543
8,epsilon,local,3,1.0,39082.03908450464,0.20371875188611543
8,epsilon,local,3,10.0,3896097.7247129413,0.20371875188611543
8,epsilon,local,3,100.0,389610244.88224024,0.20371875188611543
8,epsilon,local,3,1000.0,38961071729.375984,0.20371875188611543
8,epsilon,local,3,10000.0,3897556171856.098,0.20371875188611543
8,epsilon,local,4,1e-08,66.3371904154062,0.20371875188611543
8,epsilon,local,4,1e-07,66.33099718306957,0.20371875188611543
8,epsilon,local,4,1e-06,66.26947163246076,0.20371875188611543
8,epsilon,local,4,1e-05,65.53634290655556,0.20371875188611543
8,epsilon,local,4,0.0001,59.19336909406503,0.20371875188611543
8,epsilon,local,4,0.001,33.08152243929284,0.20371875188611543
8,epsilon,local,4,0.01,14.811151538280313,0.20371875188611543
8,epsilon,local,4,0.1,91.17058498051009,0.20371875188611543
8,epsilon,local,4,1.0,955.6705091077475,0.20371875188611543
8,epsilon,local,4,10.0,9716.611923349994,0.20371875188611543
8,epsilon,local,4,100.0,97364.1733392646,0.20371875188611543
8,epsilon,local,4,1000.0,973822.7698230459,0.20371875188611543
8,epsilon,local,4,10000.0,9738233.60214291,0.20371875188611543
8,epsilon,local,5,1e-08,68856236.17206803,0.20371875188611543
8,epsilon,local,5,1e-07,6886272.0847481955,0.20371875188611543
8,epsilon,local,5,1e-06,688626.7909869141,0.20371875188611543
8,epsilon,local,5,1e-05,68862.73476375105,0.20371875188611543
8,epsilon,local,5,0.0001,6890.127970032387,0.20371875188611543
8,epsilon,local,5,0.001,714.1164430155972,0.20371875188611543
8,epsilon,local,5,0.01,203.40995574651478,0.20371875188611543
8,epsilon,local,5,0.1,1146.6477381382997,0.20371875188611543
8,epsilon,local,5,1.0,40525.35946172173,0.20371875188611543
8,epsilon,local,5,10.0,3897051.323576129,0.20371875188611543
8,epsilon,local,5,100.0,389487358.61026037,0.20371875188611543
8,epsilon,local,5,1000.0,38948672892.77954,0.20371875188611543
8,epsilon,local,5,10000.0,3894144796252.681,0.20371875188611543
8,epsilon,global,1,1e-08,33348550933848.54,0.20371875188611543
8,epsilon,global,1,1e-07,333465292015.25586,0.20371875188611543
8,epsilon,global,1,1e-06,3334648876.812942,0.20371875188611543
8,epsilon,global,1,1e-05,33342297.43868509,0.20371875188611543
8,epsilon,global,1,0.0001,334372.5921160133,0.20371875188611543
8,epsilon,global,1,0.001,6193.665697927859,0.20371875188611543
8,epsilon,global,1,0.01,467.61214397294975,0.20371875188611543
8,epsilon,global,1,0.1,871.2720818708763,0.20371875188611543
8,epsilon,global,1,1.0,7307.619842800776,0.20371875188611543
8,epsilon,global,1,10.0,511848.62210705754,0.20371875188611543
8,epsilon,global,1,100.0,50967010.88301999,0.20371875188611543
8,epsilon,global,1,1000.0,5097010090.935178,0.20371875188611543
8,epsilon,global,1,10000.0,509765081608.35016,0.20371875188611543
8,epsilon,global,2,1e-08,1813026920985.8906,0.20371875188611543
8,epsilon,global,2,1e-07,18137019358.090855,0.20371875188611543
8,epsilon,global,2,1e-06,181909052.31397128,0.20371875188611543
8,epsilon,global,2,1e-05,1863470.111092147,0.20371875188611543
8,epsilon,global,2,0.0001,21109.418145180312,0.20371875188611543
8,epsilon,global,2,0.001,514.7070148936172,0.20371875188611543
8,epsilon,global,2,0.01,43.750073135063836,0.20371875188611543
8,epsilon,global,2,0.1,58.91968619545956,0.20371875188611543
8,epsilon,global,2,1.0,4572.38024320997,0.20371875188611543
8,epsilon,global,2,10.0,455165.7245339664,0.20371875188611543
8,epsilon,global,2,100.0,45516627.6433035,0.20371875188611543
8,epsilon,global,2,1000.0,4551668283.327737,0.20371875188611543
8,epsilon,global,2,10000.0,455167380233.1816,0.20371875188611543
8,epsilon,global,3,1e-08,558539474414.8405,0.20371875188611543
8,epsilon,global,3,1e-07,5584313519.496354,0.20371875188611543
8,epsilon,global,3,1e-06,55843067.48394034,0.20371875188611543
8,epsilon,global,3,1e-05,558403.9296419198,0.20371875188611543
8,epsilon,global,3,0.0001,5621.417769660496,0.20371875188611543
8,epsilon,global,3,0.001,100.0176639726476,0.20371875188611543
8,epsilon,global,3,0.01,27.792722144670027,0.20371875188611543
8,epsilon,global,3,0.1,73.84070934114088,0.20371875188611543
8,epsilon,global,3,1.0,6151.456510800081,0.20371875188611543
8,epsilon,global,3,10.0,613951.0457702703,0.20371875188611543
8,epsilon,global,3,100.0,61392313.02976576,0.20371875188611543
8,epsilon,global,3,1000.0,6140367852.23771,0.20371875188611543
8,epsilon,global,3,10000.0,614037529757.7089,0.20371875188611543
8,epsilon,global,4,1e-08,335.10626344051707,0.20371875188611543
8,epsilon,global,4,1e-07,334.7329244357338,0.20371875188611543
8,epsilon,global,4,1e-06,331.3990356340006,0.20371875188611543
8,epsilon,global,4,1e-05,301.7767026316617,0.20371875188611543
8,epsilon,global,4,0.0001,184.81447781970456,0.20371875188611543
8,epsilon,global,4,0.001,54.82468285622533,0.20371875188611543
8,epsilon,global,4,0.01,20.93197550162807,0.20371875188611543
8,epsilon,global,4,0.1,44.81304192073348,0.20371875188611543
8,epsilon,global,4,1.0,408.1123191162012,0.20371875188611543
8,epsilon,global,4,10.0,4364.454676646794,0.20371875188611543
8,epsilon,global,4,100.0,44161.4100488304,0.20371875188611543
8,epsilon,global,4,1000.0,442186.97529933404,0.20371875188611543
8,epsilon,global,4,10000.0,4421872.433802693,0.20371875188611543
8,epsilon,global,5,1e-08,35787385.273075715,0.20371875188611543
8,epsilon,global,5,1e-07,3575416.8881147965,0.20371875188611543
8,epsilon,global,5,1e-06,354209.8287183508,0.20371875188611543
8,epsilon,global,5,1e-05,32440.754511932555,0.20371875188611543
8,epsilon,global,5,0.0001,1815.8815070279522,0.20371875188611543
8,epsilon,global,5,0.001,59.57896560401743,0.20371875188611543
8,epsilon,global,5,0.01,22.410192140662463,0.20371875188611543
8,epsilon,global,5,0.1,103.14514852579016,0.20371875188611543
8,epsilon,global,5,1.0,1874.7462312943971,0.20371875188611543
8,epsilon,global,5,10.0,176789.47561300962,0.20371875188611543
8,epsilon,global,5,100.0,17662570.807331126,0.20371875188611543
8,epsilon,global,5,1000.0,1766419137.9172873,0.20371875188611543
8,epsilon,global,5,10000.0,176609146936.9923,0.20371875188611543
9,omega,local,1,0.0001,5087680116988.1045,0.23600623739015103
9,omega,local,1,0.001,50893842501.09175,0.23600623739015103
9,omega,local,1,0.01,508965164.37831646,0.23600623739015103
9,omega,local,1,0.1,5089927.279658616,0.23600623739015103
9,omega,local,1,1.0,50984.60168526168,0.23600623739015103
9,omega,local,1,10.0,591.2675715483582,0.23600623739015103
9,omega,local,1,100.0,31.39558638973002,0.23600623739015103
9,omega,local,1,1000.0,70.64674183656325,0.23600623739015103
9,omega,local,1,10000.0,673.4649899276723,0.23600623739015103
9,omega,local,1,100000.0,6725.4340585649,0.23600623739015103
9,omega,local,1,1000000.0,67252.62825959094,0.23600623739015103
9,omega,local,1,10000000.0,672509.1597712956,0.23600623739015103
9,omega,local,1,100000000.0,6725391.476504307,0.23600623739015103
9,omega,local,2,0.0001,9741.72180875557,0.23600623739015103
9,omega,local,2,0.001,9741.72180875557,0.23600623739015103
9,omega,local,2,0.01,9741.72180875557,0.23600623739015103
9,omega,local,2,0.1,9719.039565017463,0.23600623739015103
9,omega,local,2,1.0,7819.2378976358295,0.23600623739015103
9,omega,local,2,10.0,477.07123545699295,0.23600623739015103
9,omega,local,2,100.0,30.229306259818102,0.23600623739015103
9,omega,local,2,1000.0,70.4774654694253,0.23600623739015103
9,omega,local,2,10000.0,673.3720943803958,0.23600623739015103
9,omega,local,2,100000.0,6724.2708498312995,0.23600623739015103
9,omega,local,2,1000000.0,67226.86709257684,0.23600623739015103
9,omega,local,2,10000000.0,672322.1960289853,0.23600623739015103
9,omega,local,2,100000000.0,6723050.784005082,0.23600623739015103
9,omega,local,3,0.0001,3896599579884.3643,0.23600623739015103
9,omega,local,3,0.001,38968452516.200485,0.23600623739015103
9,omega,local,3,0.01,389704998.98983294,0.23600623739015103
9,omega,local,3,0.1,3897179.1380370515,0.23600623739015103
9,omega,local,3,1.0,39097.96395654498,0.23600623739015103
9,omega,local,3,10.0,497.2494039611392,0.23600623739015103
9,omega,local,3,100.0,30.27738110839766,0.23600623739015103
9,omega,local,3,1000.0,70.49991342406233,0.23600623739015103
9,omega,local,3,10000.0,673.5843940392339,0.23600623739015103
9,omega,local,3,100000.0,6727.097687924073,0.23600623739015103
9,omega,local,3,1000000.0,67269.26412961516,0.23600623739015103
9,omega,local,3,10000000.0,672675.5142359696,0.23600623739015103
9,omega,local,3,100000000.0,6726583.876118504,0.23600623739015103
9,omega,local,4,0.0001,976.8857994025154,0.23600623739015103
9,omega,local,4,0.001,976.8857994025154,0.23600623739015103
9,omega,local,4,0.01,976.8857994025154,0.23600623739015103
9,omega,local,4,0.1,976.6773683076063,0.23600623739015103
9,omega,local,4,1.0,955.794564029536,0.23600623739015103
9,omega,local,4,10.0,349.0581859602229,0.23600623739015103
9,omega,local,4,100.0,29.85685558925227,0.23600623739015103
9,omega,local,4,1000.0,70.29825259871153,0.23600623739015103
9,omega,local,4,10000.0,671.731482418244,0.23600623739015103
9,omega,local,4,100000.0,6707.8877545336945,0.23600623739015103
9,omega,local,4,1000000.0,67077.16968664766,0.23600623739015103
9,omega,local,4,10000000.0,670753.5344019774,0.23600623739015103
9,omega,local,4,100000000.0,6707364.567123378,0.23600623739015103
9,omega,local,5,0.0001,4039905879743.489,0.23600623739015103
9,omega,local,5,0.001,40396903710.864426,0.23600623739015103
9,omega,local,5,0.01,403905370.8121734,0.23600623739015103
9,omega,local,5,0.1,4038834.980418232,0.23600623739015103
9,omega,local,5,1.0,40510.46326852071,0.23600623739015103
9,omega,local,5,10.0,507.9501922235824,0.23600623739015103
9,omega,local,5,100.0,30.396256843998433,0.23600623739015103
9,omega,local,5,1000.0,70.47735153865231,0.23600623739015103
9,omega,local,5,10000.0,673.2251568919766,0.23600623739015103
9,omega,local,5,100000.0,6722.792669276927,0.23600623739015103
9,omega,local,5,1000000.0,67226.21503922093,0.23600623739015103
9,omega,local,5,10000000.0,672245.0342925213,0.23600623739015103
9,omega,local,5,100000000.0,6722279.186286169,0.23600623739015103
9,omega,global,1,0.0001,729608241920.7671,0.23600623739015103
9,omega,global,1,0.001,7297495934.641044,0.23600623739015103
9,omega,global,1,0.01,72978714.76429874,0.23600623739015103
9,omega,global,1,0.1,729774.7604489266,0.23600623739015103
9,omega,global,1,1.0,7311.013833077302,0.23600623739015103
9,omega,global,1,10.0,89.29102473172762,0.23600623739015103
9,omega,global,1,100.0,310.0481887426622,0.23600623739015103
9,omega,global,1,1000.0,5209.257323647077,0.23600623739015103
9,omega,global,1,10000.0,369267.7178101075,0.23600623739015103
9,omega,global,1,100000.0,36703822.95071755,0.23600623739015103
9,omega,global,1,1000000.0,3669926441.750631,0.23600623739015103
9,omega,global,1,10000000.0,366973759069.3825,0.23600623739015103
9,omega,global,1,100000000.0,36679909319887.086,0.23600623739015103
9,omega,global,2,0.0001,455669292891.1782,0.23600623739015103
9,omega,global,2,0.001,4556932335.253242,0.23600623739015103
9,omega,global,2,0.01,45571717.54172988,0.23600623739015103
9,omega,global,2,0.1,455741.8552994195,0.23600623739015103
9,omega,global,2,1.0,4575.071620408399,0.23600623739015103
9,omega,global,2,10.0,363.7448862565755,0.23600623739015103
9,omega,global,2,100.0,2585.7520779315696,0.23600623739015103
9,omega,global,2,1000.0,43675.19510784383,0.23600623739015103
9,omega,global,2,10000.0,3098741.504311111,0.23600623739015103
9,omega,global,2,100000.0,308122610.66745716,0.23600623739015103
9,omega,global,2,1000000.0,30804118242.687622,0.23600623739015103
9,omega,global,2,10000000.0,3080249989492.474,0.23600623739015103
9,omega,global,2,100000000.0,308793031559521.44,0.23600623739015103
9,omega,global,3,0.0001,176755139466.42325,0.23600623739015103
9,omega,global,3,0.001,1767645689.6701267,0.23600623739015103
9,omega,global,3,0.01,17676628.347571004,0.23600623739015103
9,omega,global,3,0.1,177004.3328567982,0.23600623739015103
9,omega,global,3,1.0,6154.327860635213,0.23600623739015103
9,omega,global,3,10.0,6472.650435996617,0.23600623739015103
9,omega,global,3,100.0,46408.5480955717,0.23600623739015103
9,omega,global,3,1000.0,782546.5697865114,0.23600623739015103
9,omega,global,3,10000.0,55539568.83862131,0.23600623739015103
9,omega,global,3,100000.0,5523206390.777118,0.23600623739015103
9,omega,global,3,1000000.0,552291621955.2738,0.23600623739015103
9,omega,global,3,10000000.0,55295895467798.19,0.23600623739015103
9,omega,global,3,100000000.0,6262936264034754.0,0.23600623739015103
9,omega,global,4,0.0001,448.44843563065297,0.23600623739015103
9,omega,global,4,0.001,448.44843563065297,0.23600623739015103
9,omega,global,4,0.01,448.44843563065297,0.23600623739015103
9,omega,global,4,0.1,447.7848796011115,0.23600623739015103
9,omega,global,4,1.0,408.14049114996374,0.23600623739015103
9,omega,global,4,10.0,367.2681706689454,0.23600623739015103
9,omega,global,4,100.0,2530.730786106544,0.23600623739015103
9,omega,global,4,1000.0,43605.70604060388,0.23600623739015103
9,omega,global,4,10000.0,3097419.3330148845,0.23600623739015103
9,omega,global,4,100000.0,307958282.2052164,0.23600623739015103
9,omega,global,4,1000000.0,30790974738.8202,0.23600623739015103
9,omega,global,4,10000000.0,3078935708157.4087,0.23600623739015103
9,omega,global,4,100000000.0,307420843991013.8,0.23600623739015103
9,omega,global,5,0.0001,168808993372.7641,0.23600623739015103
9,omega,global,5,0.001,1688357386.5435739,0.23600623739015103
9,omega,global,5,0.01,16884447.272521753,0.23600623739015103
9,omega,global,5,0.1,168924.60161084324,0.23600623739015103
9,omega,global,5,1.0,1875.5437220670933,0.23600623739015103
9,omega,global,5,10.0,1533.0941837941143,0.23600623739015103
9,omega,global,5,100.0,10770.848498567826,0.23600623739015103
9,omega,global,5,1000.0,181888.4895298358,0.23600623739015103
9,omega,global,5,10000.0,12910356.887707464,0.23600623739015103
9,omega,global,5,100000.0,1283468456.6051095,0.23600623739015103
9,omega,global,5,1000000.0,128339999001.90855,0.23600623739015103
9,omega,global,5,10000000.0,12838762196383.984,0.23600623739015103
9,omega,global,5,100000000.0,1362278840163753.8,0.23600623739015103
