series,subdivisions,effective_h,relative_h1,lower,upper
face,1,0.125,0.17921493305796776,0.17519832490016649,0.1833236262348611
face,2,0.0625,0.1309035518249728,0.1279697099560294,0.13390465514285535
face,4,0.03125,0.12410466418990575,0.12132320062489617,0.12694989576897717
face,8,0.015625,0.12128984497199932,0.11857146781190288,0.12407054382314757
face,16,0.0078125,0.05613662424578073,0.054878476729557306,0.057423616133548586
face,32,0.00390625,0.03968992132853965,0.03880038127141093,0.04059985503870239
mesh,2,0.5,0.7150608355136904,0.6990347201881357,0.7314543665984491
mesh,4,0.25,0.29491144116092594,0.2883018150534141,0.30167259998519497
mesh,8,0.125,0.17921493305796776,0.17519832490016649,0.1833236262348611
mesh,16,0.0625,0.1864984498615409,0.18231860177439033,0.19077412541698938
mesh,32,0.03125,0.2389661794747826,0.23361041201980956,0.24444473360173535
mesh,64,0.015625,0.34870703833232436,0.34089173237009573,0.35670151850584475
mesh,128,0.0078125,0.2593240383471558,0.2535120056656925,0.265269318066769
mesh,256,0.00390625,0.15610757625187163,0.1526088557291513,0.15968650866817843
