x_over_width,upper_depth_over_height,lower_depth_over_height
4.901960784313725422e-04,1.807359307359307221e-01,7.164502164502164483e-01
1.470588235294117627e-03,1.807359307359307221e-01,7.164502164502164483e-01
2.450980392156862711e-03,1.796536796536796488e-01,7.175324675324675772e-01
3.431372549019607796e-03,1.796536796536796488e-01,7.175324675324675772e-01
4.411764705882352880e-03,1.796536796536796488e-01,7.175324675324675772e-01
5.392156862745097964e-03,1.796536796536796488e-01,7.175324675324675772e-01
6.372549019607843049e-03,1.796536796536796488e-01,7.175324675324675772e-01
7.352941176470588133e-03,1.796536796536796488e-01,7.164502164502164483e-01
8.333333333333333218e-03,1.796536796536796488e-01,7.153679653679653194e-01
9.313725490196078302e-03,1.796536796536796488e-01,7.142857142857143016e-01
1.029411764705882339e-02,1.796536796536796488e-01,7.142857142857143016e-01
1.127450980392156847e-02,1.785714285714285754e-01,7.142857142857143016e-01
1.225490196078431356e-02,1.774891774891775020e-01,7.142857142857143016e-01
1.323529411764705864e-02,1.774891774891775020e-01,7.142857142857143016e-01
1.421568627450980372e-02,1.774891774891775020e-01,7.142857142857143016e-01
1.519607843137254881e-02,1.774891774891775020e-01,7.142857142857143016e-01
1.617647058823529563e-02,1.774891774891775020e-01,7.142857142857143016e-01
1.715686274509804071e-02,1.774891774891775020e-01,7.142857142857143016e-01
1.813725490196078580e-02,1.774891774891775020e-01,7.142857142857143016e-01
1.911764705882353088e-02,1.774891774891775020e-01,7.142857142857143016e-01
2.009803921568627597e-02,1.774891774891775020e-01,7.142857142857143016e-01
2.107843137254902105e-02,1.774891774891775020e-01,7.142857142857143016e-01
2.205882352941176613e-02,1.774891774891775020e-01,7.142857142857143016e-01
2.303921568627451122e-02,1.774891774891775020e-01,7.142857142857143016e-01
2.401960784313725630e-02,1.774891774891775020e-01,7.142857142857143016e-01
2.500000000000000139e-02,1.774891774891775020e-01,7.153679653679653194e-01
2.598039215686274647e-02,1.774891774891775020e-01,7.175324675324675772e-01
2.696078431372549156e-02,1.774891774891775020e-01,7.186147186147185950e-01
2.794117647058823664e-02,1.774891774891775020e-01,7.186147186147185950e-01
2.892156862745098173e-02,1.774891774891775020e-01,7.186147186147185950e-01
2.990196078431372681e-02,1.774891774891775020e-01,7.186147186147185950e-01
3.088235294117647189e-02,1.753246753246753276e-01,7.186147186147185950e-01
3.186274509803921351e-02,1.731601731601731531e-01,7.186147186147185950e-01
3.284313725490196206e-02,1.720779220779220797e-01,7.186147186147185950e-01
3.382352941176470368e-02,1.709956709956710064e-01,7.186147186147185950e-01
3.480392156862745223e-02,1.709956709956710064e-01,7.186147186147185950e-01
3.578431372549019385e-02,1.709956709956710064e-01,7.186147186147185950e-01
3.676470588235294240e-02,1.709956709956710064e-01,7.186147186147185950e-01
3.774509803921568402e-02,1.709956709956710064e-01,7.186147186147185950e-01
3.872549019607843257e-02,1.709956709956710064e-01,7.186147186147185950e-01
3.970588235294117418e-02,1.709956709956710064e-01,7.186147186147185950e-01
4.068627450980392274e-02,1.709956709956710064e-01,7.186147186147185950e-01
4.166666666666666435e-02,1.709956709956710064e-01,7.186147186147185950e-01
4.264705882352941291e-02,1.709956709956710064e-01,7.186147186147185950e-01
4.362745098039215452e-02,1.709956709956710064e-01,7.186147186147185950e-01
4.460784313725490308e-02,1.709956709956710064e-01,7.186147186147185950e-01
4.558823529411764469e-02,1.709956709956710064e-01,7.186147186147185950e-01
4.656862745098039325e-02,1.709956709956710064e-01,7.186147186147185950e-01
4.754901960784313486e-02,1.709956709956710064e-01,7.186147186147185950e-01
4.852941176470588341e-02,1.709956709956710064e-01,7.186147186147185950e-01
4.950980392156862503e-02,1.709956709956710064e-01,7.186147186147185950e-01
5.049019607843137358e-02,1.709956709956710064e-01,7.186147186147185950e-01
5.147058823529411520e-02,1.709956709956710064e-01,7.186147186147185950e-01
5.245098039215686375e-02,1.709956709956710064e-01,7.186147186147185950e-01
5.343137254901960537e-02,1.709956709956710064e-01,7.186147186147185950e-01
5.441176470588235392e-02,1.709956709956710064e-01,7.186147186147185950e-01
5.539215686274509554e-02,1.709956709956710064e-01,7.186147186147185950e-01
5.637254901960784409e-02,1.709956709956710064e-01,7.186147186147185950e-01
5.735294117647058570e-02,1.709956709956710064e-01,7.186147186147185950e-01
5.833333333333333426e-02,1.709956709956710064e-01,7.186147186147185950e-01
5.931372549019607587e-02,1.709956709956710064e-01,7.186147186147185950e-01
6.029411764705882443e-02,1.709956709956710064e-01,7.186147186147185950e-01
6.127450980392156604e-02,1.709956709956710064e-01,7.186147186147185950e-01
6.225490196078431460e-02,1.709956709956710064e-01,7.186147186147185950e-01
6.323529411764705621e-02,1.709956709956710064e-01,7.186147186147185950e-01
6.421568627450979783e-02,1.709956709956710064e-01,7.186147186147185950e-01
6.519607843137255332e-02,1.709956709956710064e-01,7.186147186147185950e-01
6.617647058823529493e-02,1.720779220779220797e-01,7.186147186147185950e-01
6.715686274509803655e-02,1.731601731601731531e-01,7.186147186147185950e-01
6.813725490196077816e-02,1.742424242424242542e-01,7.186147186147185950e-01
6.911764705882353366e-02,1.753246753246753276e-01,7.186147186147185950e-01
7.009803921568627527e-02,1.774891774891775020e-01,7.186147186147185950e-01
7.107843137254901689e-02,1.774891774891775020e-01,7.186147186147185950e-01
7.205882352941175850e-02,1.774891774891775020e-01,7.186147186147185950e-01
7.303921568627451399e-02,1.774891774891775020e-01,7.186147186147185950e-01
7.401960784313725561e-02,1.774891774891775020e-01,7.186147186147185950e-01
7.499999999999999722e-02,1.774891774891775020e-01,7.186147186147185950e-01
7.598039215686273884e-02,1.774891774891775020e-01,7.196969696969697239e-01
7.696078431372549433e-02,1.774891774891775020e-01,7.207792207792207417e-01
7.794117647058823595e-02,1.774891774891775020e-01,7.218614718614718706e-01
7.892156862745097756e-02,1.774891774891775020e-01,7.229437229437228885e-01
7.990196078431371918e-02,1.774891774891775020e-01,7.229437229437228885e-01
8.088235294117647467e-02,1.774891774891775020e-01,7.229437229437228885e-01
8.186274509803921628e-02,1.774891774891775020e-01,7.229437229437228885e-01
8.284313725490195790e-02,1.774891774891775020e-01,7.229437229437228885e-01
8.382352941176469951e-02,1.774891774891775020e-01,7.229437229437228885e-01
8.480392156862745501e-02,1.774891774891775020e-01,7.229437229437228885e-01
8.578431372549019662e-02,1.774891774891775020e-01,7.229437229437228885e-01
8.676470588235293824e-02,1.774891774891775020e-01,7.229437229437228885e-01
8.774509803921567985e-02,1.774891774891775020e-01,7.229437229437228885e-01
8.872549019607843535e-02,1.774891774891775020e-01,7.229437229437228885e-01
8.970588235294117696e-02,1.774891774891775020e-01,7.229437229437228885e-01
9.068627450980391858e-02,1.774891774891775020e-01,7.229437229437228885e-01
9.166666666666666019e-02,1.774891774891775020e-01,7.229437229437228885e-01
9.264705882352941568e-02,1.774891774891775020e-01,7.229437229437228885e-01
9.362745098039215730e-02,1.774891774891775020e-01,7.229437229437228885e-01
9.460784313725489891e-02,1.774891774891775020e-01,7.229437229437228885e-01
9.558823529411764053e-02,1.774891774891775020e-01,7.229437229437228885e-01
9.656862745098039602e-02,1.774891774891775020e-01,7.240259740259740173e-01
9.754901960784313764e-02,1.774891774891775020e-01,7.251082251082251462e-01
9.852941176470587925e-02,1.774891774891775020e-01,7.261904761904761640e-01
9.950980392156862087e-02,1.774891774891775020e-01,7.272727272727272929e-01
1.004901960784313764e-01,1.774891774891775020e-01,7.272727272727272929e-01
1.014705882352941180e-01,1.774891774891775020e-01,7.272727272727272929e-01
1.024509803921568596e-01,1.774891774891775020e-01,7.272727272727272929e-01
1.034313725490196012e-01,1.774891774891775020e-01,7.272727272727272929e-01
1.044117647058823567e-01,1.774891774891775020e-01,7.272727272727272929e-01
1.053921568627450983e-01,1.774891774891775020e-01,7.272727272727272929e-01
1.063725490196078399e-01,1.774891774891775020e-01,7.272727272727272929e-01
1.073529411764705815e-01,1.774891774891775020e-01,7.272727272727272929e-01
1.083333333333333370e-01,1.774891774891775020e-01,7.272727272727272929e-01
1.093137254901960786e-01,1.774891774891775020e-01,7.272727272727272929e-01
1.102941176470588203e-01,1.774891774891775020e-01,7.272727272727272929e-01
1.112745098039215619e-01,1.774891774891775020e-01,7.272727272727272929e-01
1.122549019607843174e-01,1.774891774891775020e-01,7.272727272727272929e-01
1.132352941176470590e-01,1.774891774891775020e-01,7.272727272727272929e-01
1.142156862745098006e-01,1.774891774891775020e-01,7.272727272727272929e-01
1.151960784313725422e-01,1.774891774891775020e-01,7.272727272727272929e-01
1.161764705882352977e-01,1.774891774891775020e-01,7.272727272727272929e-01
1.171568627450980393e-01,1.774891774891775020e-01,7.283549783549783108e-01
1.181372549019607809e-01,1.774891774891775020e-01,7.305194805194805685e-01
1.191176470588235226e-01,1.774891774891775020e-01,7.316017316017315864e-01
1.200980392156862780e-01,1.774891774891775020e-01,7.316017316017315864e-01
1.210784313725490197e-01,1.774891774891775020e-01,7.316017316017315864e-01
1.220588235294117613e-01,1.774891774891775020e-01,7.316017316017315864e-01
1.230392156862745029e-01,1.774891774891775020e-01,7.316017316017315864e-01
1.240196078431372584e-01,1.774891774891775020e-01,7.316017316017315864e-01
1.250000000000000000e-01,1.753246753246753276e-01,7.316017316017315864e-01
1.259803921568627416e-01,1.742424242424242542e-01,7.316017316017315864e-01
1.269607843137254832e-01,1.731601731601731531e-01,7.316017316017315864e-01
1.279411764705882248e-01,1.720779220779220797e-01,7.316017316017315864e-01
1.289215686274509942e-01,1.709956709956710064e-01,7.316017316017315864e-01
1.299019607843137358e-01,1.709956709956710064e-01,7.316017316017315864e-01
1.308823529411764774e-01,1.709956709956710064e-01,7.316017316017315864e-01
1.318627450980392191e-01,1.709956709956710064e-01,7.316017316017315864e-01
1.328431372549019607e-01,1.699134199134199052e-01,7.316017316017315864e-01
1.338235294117647023e-01,1.688311688311688319e-01,7.326839826839827152e-01
1.348039215686274439e-01,1.677489177489177585e-01,7.337662337662337331e-01
1.357843137254901855e-01,1.666666666666666574e-01,7.348484848484848619e-01
1.367647058823529549e-01,1.666666666666666574e-01,7.359307359307358798e-01
1.377450980392156965e-01,1.666666666666666574e-01,7.359307359307358798e-01
1.387254901960784381e-01,1.666666666666666574e-01,7.359307359307358798e-01
1.397058823529411797e-01,1.666666666666666574e-01,7.359307359307358798e-01
1.406862745098039214e-01,1.655844155844155841e-01,7.359307359307358798e-01
1.416666666666666630e-01,1.645021645021645107e-01,7.359307359307358798e-01
1.426470588235294046e-01,1.634199134199134096e-01,7.359307359307358798e-01
1.436274509803921462e-01,1.623376623376623362e-01,7.359307359307358798e-01
1.446078431372549156e-01,1.623376623376623362e-01,7.370129870129870087e-01
1.455882352941176572e-01,1.623376623376623362e-01,7.380952380952381375e-01
1.465686274509803988e-01,1.623376623376623362e-01,7.391774891774891554e-01
1.475490196078431404e-01,1.623376623376623362e-01,7.402597402597402843e-01
1.485294117647058820e-01,1.623376623376623362e-01,7.402597402597402843e-01
1.495098039215686236e-01,1.623376623376623362e-01,7.402597402597402843e-01
1.504901960784313653e-01,1.623376623376623362e-01,7.402597402597402843e-01
1.514705882352941069e-01,1.623376623376623362e-01,7.402597402597402843e-01
1.524509803921568762e-01,1.623376623376623362e-01,7.402597402597402843e-01
1.534313725490196179e-01,1.623376623376623362e-01,7.402597402597402843e-01
1.544117647058823595e-01,1.623376623376623362e-01,7.402597402597402843e-01
1.553921568627451011e-01,1.623376623376623362e-01,7.424242424242424310e-01
1.563725490196078427e-01,1.623376623376623362e-01,7.445887445887445777e-01
1.573529411764705843e-01,1.623376623376623362e-01,7.456709956709957066e-01
1.583333333333333259e-01,1.623376623376623362e-01,7.467532467532467244e-01
1.593137254901960675e-01,1.623376623376623362e-01,7.467532467532467244e-01
1.602941176470588369e-01,1.623376623376623362e-01,7.467532467532467244e-01
1.612745098039215785e-01,1.623376623376623362e-01,7.467532467532467244e-01
1.622549019607843201e-01,1.623376623376623362e-01,7.467532467532467244e-01
1.632352941176470618e-01,1.623376623376623362e-01,7.467532467532467244e-01
1.642156862745098034e-01,1.623376623376623362e-01,7.467532467532467244e-01
1.651960784313725450e-01,1.623376623376623362e-01,7.467532467532467244e-01
1.661764705882352866e-01,1.623376623376623362e-01,7.467532467532467244e-01
1.671568627450980282e-01,1.623376623376623362e-01,7.467532467532467244e-01
1.681372549019607976e-01,1.623376623376623362e-01,7.467532467532467244e-01
1.691176470588235392e-01,1.623376623376623362e-01,7.467532467532467244e-01
1.700980392156862808e-01,1.623376623376623362e-01,7.467532467532467244e-01
1.710784313725490224e-01,1.623376623376623362e-01,7.467532467532467244e-01
1.720588235294117641e-01,1.623376623376623362e-01,7.467532467532467244e-01
1.730392156862745057e-01,1.623376623376623362e-01,7.478354978354978533e-01
1.740196078431372473e-01,1.623376623376623362e-01,7.489177489177488711e-01
1.749999999999999889e-01,1.623376623376623362e-01,7.489177489177488711e-01
1.759803921568627583e-01,1.623376623376623362e-01,7.489177489177488711e-01
1.769607843137254999e-01,1.623376623376623362e-01,7.489177489177488711e-01
1.779411764705882415e-01,1.623376623376623362e-01,7.489177489177488711e-01
1.789215686274509831e-01,1.623376623376623362e-01,7.489177489177488711e-01
1.799019607843137247e-01,1.623376623376623362e-01,7.489177489177488711e-01
1.808823529411764663e-01,1.623376623376623362e-01,7.489177489177488711e-01
1.818627450980392080e-01,1.623376623376623362e-01,7.489177489177488711e-01
1.828431372549019496e-01,1.623376623376623362e-01,7.489177489177488711e-01
1.838235294117647189e-01,1.623376623376623362e-01,7.489177489177488711e-01
1.848039215686274606e-01,1.623376623376623362e-01,7.489177489177488711e-01
1.857843137254902022e-01,1.623376623376623362e-01,7.489177489177488711e-01
1.867647058823529438e-01,1.623376623376623362e-01,7.489177489177488711e-01
1.877450980392156854e-01,1.623376623376623362e-01,7.489177489177488711e-01
1.887254901960784270e-01,1.623376623376623362e-01,7.489177489177488711e-01
1.897058823529411686e-01,1.623376623376623362e-01,7.489177489177488711e-01
1.906862745098039102e-01,1.623376623376623362e-01,7.489177489177488711e-01
1.916666666666666796e-01,1.623376623376623362e-01,7.489177489177488711e-01
1.926470588235294212e-01,1.623376623376623362e-01,7.489177489177488711e-01
1.936274509803921628e-01,1.623376623376623362e-01,7.489177489177488711e-01
1.946078431372549045e-01,1.623376623376623362e-01,7.489177489177488711e-01
1.955882352941176461e-01,1.623376623376623362e-01,7.489177489177488711e-01
1.965686274509803877e-01,1.623376623376623362e-01,7.489177489177488711e-01
1.975490196078431293e-01,1.623376623376623362e-01,7.489177489177488711e-01
1.985294117647058709e-01,1.623376623376623362e-01,7.489177489177488711e-01
1.995098039215686403e-01,1.623376623376623362e-01,7.489177489177488711e-01
2.004901960784313819e-01,1.623376623376623362e-01,7.489177489177488711e-01
2.014705882352941235e-01,1.623376623376623362e-01,7.489177489177488711e-01
2.024509803921568651e-01,1.623376623376623362e-01,7.489177489177488711e-01
2.034313725490196068e-01,1.623376623376623362e-01,7.489177489177488711e-01
2.044117647058823484e-01,1.623376623376623362e-01,7.489177489177488711e-01
2.053921568627450900e-01,1.623376623376623362e-01,7.489177489177488711e-01
2.063725490196078316e-01,1.623376623376623362e-01,7.489177489177488711e-01
2.073529411764706010e-01,1.623376623376623362e-01,7.489177489177488711e-01
2.083333333333333426e-01,1.623376623376623362e-01,7.489177489177488711e-01
2.093137254901960842e-01,1.623376623376623362e-01,7.489177489177488711e-01
2.102941176470588258e-01,1.623376623376623362e-01,7.489177489177488711e-01
2.112745098039215674e-01,1.623376623376623362e-01,7.489177489177488711e-01
2.122549019607843090e-01,1.623376623376623362e-01,7.500000000000000000e-01
2.132352941176470507e-01,1.623376623376623362e-01,7.510822510822511289e-01
2.142156862745097923e-01,1.623376623376623362e-01,7.521645021645021467e-01
2.151960784313725616e-01,1.623376623376623362e-01,7.532467532467532756e-01
2.161764705882353033e-01,1.623376623376623362e-01,7.532467532467532756e-01
2.171568627450980449e-01,1.623376623376623362e-01,7.532467532467532756e-01
2.181372549019607865e-01,1.623376623376623362e-01,7.532467532467532756e-01
2.191176470588235281e-01,1.623376623376623362e-01,7.532467532467532756e-01
2.200980392156862697e-01,1.623376623376623362e-01,7.532467532467532756e-01
2.210784313725490113e-01,1.623376623376623362e-01,7.532467532467532756e-01
2.220588235294117530e-01,1.623376623376623362e-01,7.532467532467532756e-01
2.230392156862745223e-01,1.634199134199134096e-01,7.532467532467532756e-01
2.240196078431372639e-01,1.645021645021645107e-01,7.532467532467532756e-01
2.250000000000000056e-01,1.655844155844155841e-01,7.532467532467532756e-01
2.259803921568627472e-01,1.666666666666666574e-01,7.532467532467532756e-01
2.269607843137254888e-01,1.666666666666666574e-01,7.554112554112554223e-01
2.279411764705882304e-01,1.666666666666666574e-01,7.564935064935064402e-01
2.289215686274509720e-01,1.666666666666666574e-01,7.575757575757575690e-01
2.299019607843137136e-01,1.666666666666666574e-01,7.586580086580086979e-01
2.308823529411764830e-01,1.666666666666666574e-01,7.597402597402597157e-01
2.318627450980392246e-01,1.666666666666666574e-01,7.597402597402597157e-01
2.328431372549019662e-01,1.677489177489177585e-01,7.597402597402597157e-01
2.338235294117647078e-01,1.688311688311688319e-01,7.597402597402597157e-01
2.348039215686274495e-01,1.699134199134199052e-01,7.597402597402597157e-01
2.357843137254901911e-01,1.709956709956710064e-01,7.597402597402597157e-01
2.367647058823529327e-01,1.709956709956710064e-01,7.597402597402597157e-01
2.377450980392156743e-01,1.709956709956710064e-01,7.597402597402597157e-01
2.387254901960784437e-01,1.709956709956710064e-01,7.597402597402597157e-01
2.397058823529411853e-01,1.709956709956710064e-01,7.608225108225108446e-01
2.406862745098039269e-01,1.720779220779220797e-01,7.619047619047618625e-01
2.416666666666666685e-01,1.731601731601731531e-01,7.619047619047618625e-01
2.426470588235294101e-01,1.742424242424242542e-01,7.619047619047618625e-01
2.436274509803921517e-01,1.753246753246753276e-01,7.619047619047618625e-01
2.446078431372548934e-01,1.774891774891775020e-01,7.619047619047618625e-01
2.455882352941176350e-01,1.774891774891775020e-01,7.619047619047618625e-01
2.465686274509804043e-01,1.774891774891775020e-01,7.619047619047618625e-01
2.475490196078431460e-01,1.774891774891775020e-01,7.619047619047618625e-01
2.485294117647058876e-01,1.785714285714285754e-01,7.619047619047618625e-01
2.495098039215686292e-01,1.796536796536796488e-01,7.619047619047618625e-01
2.504901960784313708e-01,1.796536796536796488e-01,7.619047619047618625e-01
2.514705882352941124e-01,1.796536796536796488e-01,7.619047619047618625e-01
2.524509803921568540e-01,1.796536796536796488e-01,7.619047619047618625e-01
2.534313725490195957e-01,1.796536796536796488e-01,7.619047619047618625e-01
2.544117647058823373e-01,1.796536796536796488e-01,7.619047619047618625e-01
2.553921568627450789e-01,1.807359307359307221e-01,7.619047619047618625e-01
2.563725490196078205e-01,1.818181818181818232e-01,7.619047619047618625e-01
2.573529411764705621e-01,1.829004329004328966e-01,7.619047619047618625e-01
2.583333333333333592e-01,1.839826839826839699e-01,7.619047619047618625e-01
2.593137254901961009e-01,1.839826839826839699e-01,7.619047619047618625e-01
2.602941176470588425e-01,1.839826839826839699e-01,7.619047619047618625e-01
2.612745098039215841e-01,1.839826839826839699e-01,7.619047619047618625e-01
2.622549019607843257e-01,1.839826839826839699e-01,7.619047619047618625e-01
2.632352941176470673e-01,1.839826839826839699e-01,7.619047619047618625e-01
2.642156862745098089e-01,1.850649350649350711e-01,7.619047619047618625e-01
2.651960784313725505e-01,1.861471861471861444e-01,7.619047619047618625e-01
2.661764705882352922e-01,1.883116883116883189e-01,7.619047619047618625e-01
2.671568627450980338e-01,1.904761904761904656e-01,7.619047619047618625e-01
2.681372549019607754e-01,1.904761904761904656e-01,7.619047619047618625e-01
2.691176470588235170e-01,1.904761904761904656e-01,7.619047619047618625e-01
2.700980392156862586e-01,1.904761904761904656e-01,7.629870129870129913e-01
2.710784313725490002e-01,1.904761904761904656e-01,7.640692640692641202e-01
2.720588235294117418e-01,1.904761904761904656e-01,7.651515151515151381e-01
2.730392156862744835e-01,1.915584415584415667e-01,7.662337662337662669e-01
2.740196078431372806e-01,1.926406926406926401e-01,7.662337662337662669e-01
2.750000000000000222e-01,1.937229437229437135e-01,7.662337662337662669e-01
2.759803921568627638e-01,1.948051948051948146e-01,7.662337662337662669e-01
2.769607843137255054e-01,1.948051948051948146e-01,7.662337662337662669e-01
2.779411764705882470e-01,1.948051948051948146e-01,7.662337662337662669e-01
2.789215686274509887e-01,1.948051948051948146e-01,7.662337662337662669e-01
2.799019607843137303e-01,1.948051948051948146e-01,7.662337662337662669e-01
2.808823529411764719e-01,1.948051948051948146e-01,7.662337662337662669e-01
2.818627450980392135e-01,1.948051948051948146e-01,7.662337662337662669e-01
2.828431372549019551e-01,1.948051948051948146e-01,7.662337662337662669e-01
2.838235294117646967e-01,1.948051948051948146e-01,7.662337662337662669e-01
2.848039215686274384e-01,1.948051948051948146e-01,7.662337662337662669e-01
2.857843137254901800e-01,1.948051948051948146e-01,7.662337662337662669e-01
2.867647058823529216e-01,1.948051948051948146e-01,7.662337662337662669e-01
2.877450980392156632e-01,1.948051948051948146e-01,7.662337662337662669e-01
2.887254901960784048e-01,1.948051948051948146e-01,7.662337662337662669e-01
2.897058823529412019e-01,1.948051948051948146e-01,7.662337662337662669e-01
2.906862745098039436e-01,1.948051948051948146e-01,7.662337662337662669e-01
2.916666666666666852e-01,1.948051948051948146e-01,7.662337662337662669e-01
2.926470588235294268e-01,1.948051948051948146e-01,7.662337662337662669e-01
2.936274509803921684e-01,1.948051948051948146e-01,7.662337662337662669e-01
2.946078431372549100e-01,1.937229437229437135e-01,7.662337662337662669e-01
2.955882352941176516e-01,1.926406926406926401e-01,7.662337662337662669e-01
2.965686274509803932e-01,1.915584415584415667e-01,7.662337662337662669e-01
2.975490196078431349e-01,1.904761904761904656e-01,7.662337662337662669e-01
2.985294117647058765e-01,1.883116883116883189e-01,7.662337662337662669e-01
2.995098039215686181e-01,1.861471861471861444e-01,7.662337662337662669e-01
3.004901960784313597e-01,1.850649350649350711e-01,7.662337662337662669e-01
3.014705882352941013e-01,1.839826839826839699e-01,7.662337662337662669e-01
3.024509803921568429e-01,1.829004329004328966e-01,7.662337662337662669e-01
3.034313725490195846e-01,1.818181818181818232e-01,7.662337662337662669e-01
3.044117647058823262e-01,1.807359307359307221e-01,7.662337662337662669e-01
3.053921568627451233e-01,1.796536796536796488e-01,7.662337662337662669e-01
3.063725490196078649e-01,1.796536796536796488e-01,7.662337662337662669e-01
3.073529411764706065e-01,1.785714285714285754e-01,7.662337662337662669e-01
3.083333333333333481e-01,1.774891774891775020e-01,7.662337662337662669e-01
3.093137254901960898e-01,1.774891774891775020e-01,7.662337662337662669e-01
3.102941176470588314e-01,1.774891774891775020e-01,7.662337662337662669e-01
3.112745098039215730e-01,1.753246753246753276e-01,7.662337662337662669e-01
3.122549019607843146e-01,1.742424242424242542e-01,7.662337662337662669e-01
3.132352941176470562e-01,1.731601731601731531e-01,7.662337662337662669e-01
3.142156862745097978e-01,1.709956709956710064e-01,7.662337662337662669e-01
3.151960784313725394e-01,1.688311688311688319e-01,7.662337662337662669e-01
3.161764705882352811e-01,1.677489177489177585e-01,7.662337662337662669e-01
3.171568627450980227e-01,1.666666666666666574e-01,7.662337662337662669e-01
3.181372549019607643e-01,1.666666666666666574e-01,7.662337662337662669e-01
3.191176470588235059e-01,1.666666666666666574e-01,7.662337662337662669e-01
3.200980392156862475e-01,1.655844155844155841e-01,7.662337662337662669e-01
3.210784313725490446e-01,1.645021645021645107e-01,7.662337662337662669e-01
3.220588235294117863e-01,1.634199134199134096e-01,7.662337662337662669e-01
3.230392156862745279e-01,1.623376623376623362e-01,7.651515151515151381e-01
3.240196078431372695e-01,1.623376623376623362e-01,7.640692640692641202e-01
3.250000000000000111e-01,1.612554112554112629e-01,7.629870129870129913e-01
3.259803921568627527e-01,1.590909090909090884e-01,7.619047619047618625e-01
3.269607843137254943e-01,1.580086580086580150e-01,7.619047619047618625e-01
3.279411764705882359e-01,1.580086580086580150e-01,7.619047619047618625e-01
3.289215686274509776e-01,1.580086580086580150e-01,7.619047619047618625e-01
3.299019607843137192e-01,1.580086580086580150e-01,7.619047619047618625e-01
3.308823529411764608e-01,1.580086580086580150e-01,7.619047619047618625e-01
3.318627450980392024e-01,1.580086580086580150e-01,7.619047619047618625e-01
3.328431372549019440e-01,1.569264069264069139e-01,7.619047619047618625e-01
3.338235294117646856e-01,1.558441558441558406e-01,7.619047619047618625e-01
3.348039215686274273e-01,1.547619047619047672e-01,7.619047619047618625e-01
3.357843137254901689e-01,1.536796536796536661e-01,7.619047619047618625e-01
3.367647058823529660e-01,1.536796536796536661e-01,7.619047619047618625e-01
3.377450980392157076e-01,1.536796536796536661e-01,7.619047619047618625e-01
3.387254901960784492e-01,1.536796536796536661e-01,7.619047619047618625e-01
3.397058823529411908e-01,1.536796536796536661e-01,7.619047619047618625e-01
3.406862745098039325e-01,1.536796536796536661e-01,7.619047619047618625e-01
3.416666666666666741e-01,1.536796536796536661e-01,7.619047619047618625e-01
3.426470588235294157e-01,1.536796536796536661e-01,7.619047619047618625e-01
3.436274509803921573e-01,1.536796536796536661e-01,7.619047619047618625e-01
3.446078431372548989e-01,1.525974025974025927e-01,7.619047619047618625e-01
3.455882352941176405e-01,1.515151515151515194e-01,7.619047619047618625e-01
3.465686274509803821e-01,1.504329004329004460e-01,7.619047619047618625e-01
3.475490196078431238e-01,1.493506493506493449e-01,7.619047619047618625e-01
3.485294117647058654e-01,1.493506493506493449e-01,7.619047619047618625e-01
3.495098039215686070e-01,1.493506493506493449e-01,7.619047619047618625e-01
3.504901960784313486e-01,1.493506493506493449e-01,7.619047619047618625e-01
3.514705882352940902e-01,1.493506493506493449e-01,7.619047619047618625e-01
3.524509803921568873e-01,1.493506493506493449e-01,7.619047619047618625e-01
3.534313725490196290e-01,1.493506493506493449e-01,7.619047619047618625e-01
3.544117647058823706e-01,1.493506493506493449e-01,7.619047619047618625e-01
3.553921568627451122e-01,1.493506493506493449e-01,7.619047619047618625e-01
3.563725490196078538e-01,1.493506493506493449e-01,7.629870129870129913e-01
3.573529411764705954e-01,1.493506493506493449e-01,7.640692640692641202e-01
3.583333333333333370e-01,1.493506493506493449e-01,7.651515151515151381e-01
3.593137254901960786e-01,1.493506493506493449e-01,7.662337662337662669e-01
3.602941176470588203e-01,1.493506493506493449e-01,7.662337662337662669e-01
3.612745098039215619e-01,1.482683982683982715e-01,7.662337662337662669e-01
3.622549019607843035e-01,1.461038961038960970e-01,7.662337662337662669e-01
3.632352941176470451e-01,1.450216450216450237e-01,7.662337662337662669e-01
3.642156862745097867e-01,1.450216450216450237e-01,7.662337662337662669e-01
3.651960784313725283e-01,1.450216450216450237e-01,7.662337662337662669e-01
3.661764705882352700e-01,1.450216450216450237e-01,7.662337662337662669e-01
3.671568627450980116e-01,1.450216450216450237e-01,7.662337662337662669e-01
3.681372549019608087e-01,1.450216450216450237e-01,7.662337662337662669e-01
3.691176470588235503e-01,1.450216450216450237e-01,7.662337662337662669e-01
3.700980392156862919e-01,1.450216450216450237e-01,7.662337662337662669e-01
3.710784313725490335e-01,1.450216450216450237e-01,7.662337662337662669e-01
3.720588235294117752e-01,1.450216450216450237e-01,7.662337662337662669e-01
3.730392156862745168e-01,1.461038961038960970e-01,7.662337662337662669e-01
3.740196078431372584e-01,1.471861471861471982e-01,7.662337662337662669e-01
3.750000000000000000e-01,1.482683982683982715e-01,7.662337662337662669e-01
3.759803921568627416e-01,1.493506493506493449e-01,7.662337662337662669e-01
3.769607843137254832e-01,1.493506493506493449e-01,7.662337662337662669e-01
3.779411764705882248e-01,1.493506493506493449e-01,7.662337662337662669e-01
3.789215686274509665e-01,1.493506493506493449e-01,7.662337662337662669e-01
3.799019607843137081e-01,1.493506493506493449e-01,7.662337662337662669e-01
3.808823529411764497e-01,1.493506493506493449e-01,7.662337662337662669e-01
3.818627450980391913e-01,1.493506493506493449e-01,7.662337662337662669e-01
3.828431372549019884e-01,1.493506493506493449e-01,7.662337662337662669e-01
3.838235294117647300e-01,1.504329004329004460e-01,7.662337662337662669e-01
3.848039215686274717e-01,1.515151515151515194e-01,7.662337662337662669e-01
3.857843137254902133e-01,1.525974025974025927e-01,7.662337662337662669e-01
3.867647058823529549e-01,1.536796536796536661e-01,7.662337662337662669e-01
3.877450980392156965e-01,1.536796536796536661e-01,7.662337662337662669e-01
3.887254901960784381e-01,1.547619047619047672e-01,7.683982683982684136e-01
3.897058823529411797e-01,1.558441558441558406e-01,7.694805194805194315e-01
3.906862745098039214e-01,1.558441558441558406e-01,7.705627705627705604e-01
3.916666666666666630e-01,1.569264069264069139e-01,7.716450216450216892e-01
3.926470588235294046e-01,1.580086580086580150e-01,7.727272727272727071e-01
3.936274509803921462e-01,1.590909090909090884e-01,7.727272727272727071e-01
3.946078431372548878e-01,1.612554112554112629e-01,7.727272727272727071e-01
3.955882352941176294e-01,1.623376623376623362e-01,7.727272727272727071e-01
3.965686274509803710e-01,1.623376623376623362e-01,7.727272727272727071e-01
3.975490196078431127e-01,1.623376623376623362e-01,7.727272727272727071e-01
3.985294117647059098e-01,1.612554112554112629e-01,7.727272727272727071e-01
3.995098039215686514e-01,1.623376623376623362e-01,7.727272727272727071e-01
4.004901960784313930e-01,1.634199134199134096e-01,7.727272727272727071e-01
4.014705882352941346e-01,1.645021645021645107e-01,7.727272727272727071e-01
4.024509803921568762e-01,1.666666666666666574e-01,7.738095238095238360e-01
4.034313725490196179e-01,1.677489177489177585e-01,7.748917748917748538e-01
4.044117647058823595e-01,1.688311688311688319e-01,7.748917748917748538e-01
4.053921568627451011e-01,1.699134199134199052e-01,7.759740259740259827e-01
4.063725490196078427e-01,1.709956709956710064e-01,7.770562770562771115e-01
4.073529411764705843e-01,1.709956709956710064e-01,7.770562770562771115e-01
4.083333333333333259e-01,1.709956709956710064e-01,7.770562770562771115e-01
4.093137254901960675e-01,1.709956709956710064e-01,7.770562770562771115e-01
4.102941176470588092e-01,1.709956709956710064e-01,7.770562770562771115e-01
4.112745098039215508e-01,1.709956709956710064e-01,7.770562770562771115e-01
4.122549019607842924e-01,1.709956709956710064e-01,7.770562770562771115e-01
4.132352941176470340e-01,1.720779220779220797e-01,7.770562770562771115e-01
4.142156862745098311e-01,1.731601731601731531e-01,7.770562770562771115e-01
4.151960784313725727e-01,1.753246753246753276e-01,7.770562770562771115e-01
4.161764705882353144e-01,1.774891774891775020e-01,7.770562770562771115e-01
4.171568627450980560e-01,1.753246753246753276e-01,7.770562770562771115e-01
4.181372549019607976e-01,1.742424242424242542e-01,7.770562770562771115e-01
4.191176470588235392e-01,1.731601731601731531e-01,7.770562770562771115e-01
4.200980392156862808e-01,1.720779220779220797e-01,7.770562770562771115e-01
4.210784313725490224e-01,1.709956709956710064e-01,7.770562770562771115e-01
4.220588235294117641e-01,1.709956709956710064e-01,7.770562770562771115e-01
4.230392156862745057e-01,1.709956709956710064e-01,7.759740259740259827e-01
4.240196078431372473e-01,1.709956709956710064e-01,7.748917748917748538e-01
4.249999999999999889e-01,1.709956709956710064e-01,7.738095238095238360e-01
4.259803921568627305e-01,1.709956709956710064e-01,7.727272727272727071e-01
4.269607843137254721e-01,1.709956709956710064e-01,7.727272727272727071e-01
4.279411764705882137e-01,1.709956709956710064e-01,7.727272727272727071e-01
4.289215686274509554e-01,1.709956709956710064e-01,7.727272727272727071e-01
4.299019607843137525e-01,1.709956709956710064e-01,7.727272727272727071e-01
4.308823529411764941e-01,1.699134199134199052e-01,7.727272727272727071e-01
4.318627450980392357e-01,1.688311688311688319e-01,7.727272727272727071e-01
4.328431372549019773e-01,1.677489177489177585e-01,7.727272727272727071e-01
4.338235294117647189e-01,1.666666666666666574e-01,7.727272727272727071e-01
4.348039215686274606e-01,1.666666666666666574e-01,7.727272727272727071e-01
4.357843137254902022e-01,1.666666666666666574e-01,7.727272727272727071e-01
4.367647058823529438e-01,1.666666666666666574e-01,7.727272727272727071e-01
4.377450980392156854e-01,1.666666666666666574e-01,7.727272727272727071e-01
4.387254901960784270e-01,1.666666666666666574e-01,7.727272727272727071e-01
4.397058823529411686e-01,1.666666666666666574e-01,7.727272727272727071e-01
4.406862745098039102e-01,1.666666666666666574e-01,7.727272727272727071e-01
4.416666666666666519e-01,1.666666666666666574e-01,7.738095238095238360e-01
4.426470588235293935e-01,1.666666666666666574e-01,7.748917748917748538e-01
4.436274509803921351e-01,1.666666666666666574e-01,7.759740259740259827e-01
4.446078431372548767e-01,1.666666666666666574e-01,7.770562770562771115e-01
4.455882352941176738e-01,1.666666666666666574e-01,7.781385281385281294e-01
4.465686274509804154e-01,1.666666666666666574e-01,7.792207792207792583e-01
4.475490196078431571e-01,1.666666666666666574e-01,7.792207792207792583e-01
4.485294117647058987e-01,1.666666666666666574e-01,7.792207792207792583e-01
4.495098039215686403e-01,1.666666666666666574e-01,7.792207792207792583e-01
4.504901960784313819e-01,1.666666666666666574e-01,7.792207792207792583e-01
4.514705882352941235e-01,1.666666666666666574e-01,7.792207792207792583e-01
4.524509803921568651e-01,1.666666666666666574e-01,7.792207792207792583e-01
4.534313725490196068e-01,1.666666666666666574e-01,7.792207792207792583e-01
4.544117647058823484e-01,1.666666666666666574e-01,7.781385281385281294e-01
4.553921568627450900e-01,1.666666666666666574e-01,7.770562770562771115e-01
4.563725490196078316e-01,1.666666666666666574e-01,7.770562770562771115e-01
4.573529411764705732e-01,1.666666666666666574e-01,7.770562770562771115e-01
4.583333333333333148e-01,1.666666666666666574e-01,7.770562770562771115e-01
4.593137254901960564e-01,1.666666666666666574e-01,7.759740259740259827e-01
4.602941176470587981e-01,1.666666666666666574e-01,7.748917748917748538e-01
4.612745098039215952e-01,1.666666666666666574e-01,7.738095238095238360e-01
4.622549019607843368e-01,1.666666666666666574e-01,7.727272727272727071e-01
4.632352941176470784e-01,1.666666666666666574e-01,7.716450216450216892e-01
4.642156862745098200e-01,1.666666666666666574e-01,7.705627705627705604e-01
4.651960784313725616e-01,1.666666666666666574e-01,7.683982683982684136e-01
4.661764705882353033e-01,1.666666666666666574e-01,7.662337662337662669e-01
4.671568627450980449e-01,1.666666666666666574e-01,7.651515151515151381e-01
4.681372549019607865e-01,1.666666666666666574e-01,7.640692640692641202e-01
4.691176470588235281e-01,1.666666666666666574e-01,7.629870129870129913e-01
4.700980392156862697e-01,1.666666666666666574e-01,7.619047619047618625e-01
4.710784313725490113e-01,1.666666666666666574e-01,7.619047619047618625e-01
4.720588235294117530e-01,1.666666666666666574e-01,7.619047619047618625e-01
4.730392156862744946e-01,1.666666666666666574e-01,7.619047619047618625e-01
4.740196078431372362e-01,1.666666666666666574e-01,7.619047619047618625e-01
4.749999999999999778e-01,1.666666666666666574e-01,7.619047619047618625e-01
4.759803921568627194e-01,1.666666666666666574e-01,7.608225108225108446e-01
4.769607843137255165e-01,1.666666666666666574e-01,7.597402597402597157e-01
4.779411764705882582e-01,1.655844155844155841e-01,7.597402597402597157e-01
4.789215686274509998e-01,1.634199134199134096e-01,7.597402597402597157e-01
4.799019607843137414e-01,1.623376623376623362e-01,7.597402597402597157e-01
4.808823529411764830e-01,1.623376623376623362e-01,7.597402597402597157e-01
4.818627450980392246e-01,1.623376623376623362e-01,7.597402597402597157e-01
4.828431372549019662e-01,1.623376623376623362e-01,7.597402597402597157e-01
4.838235294117647078e-01,1.623376623376623362e-01,7.597402597402597157e-01
4.848039215686274495e-01,1.612554112554112629e-01,7.597402597402597157e-01
4.857843137254901911e-01,1.590909090909090884e-01,7.597402597402597157e-01
4.867647058823529327e-01,1.580086580086580150e-01,7.597402597402597157e-01
4.877450980392156743e-01,1.580086580086580150e-01,7.597402597402597157e-01
4.887254901960784159e-01,1.580086580086580150e-01,7.597402597402597157e-01
4.897058823529411575e-01,1.580086580086580150e-01,7.608225108225108446e-01
4.906862745098038991e-01,1.580086580086580150e-01,7.619047619047618625e-01
4.916666666666666408e-01,1.569264069264069139e-01,7.619047619047618625e-01
4.926470588235294379e-01,1.558441558441558406e-01,7.619047619047618625e-01
4.936274509803921795e-01,1.547619047619047672e-01,7.619047619047618625e-01
4.946078431372549211e-01,1.536796536796536661e-01,7.619047619047618625e-01
4.955882352941176627e-01,1.536796536796536661e-01,7.619047619047618625e-01
4.965686274509804043e-01,1.536796536796536661e-01,7.619047619047618625e-01
4.975490196078431460e-01,1.536796536796536661e-01,7.619047619047618625e-01
4.985294117647058876e-01,1.536796536796536661e-01,7.619047619047618625e-01
4.995098039215686292e-01,1.525974025974025927e-01,7.619047619047618625e-01
5.004901960784313708e-01,1.515151515151515194e-01,7.619047619047618625e-01
5.014705882352941124e-01,1.504329004329004460e-01,7.619047619047618625e-01
5.024509803921568540e-01,1.493506493506493449e-01,7.619047619047618625e-01
5.034313725490195957e-01,1.493506493506493449e-01,7.619047619047618625e-01
5.044117647058823373e-01,1.493506493506493449e-01,7.619047619047618625e-01
5.053921568627450789e-01,1.493506493506493449e-01,7.619047619047618625e-01
5.063725490196078205e-01,1.482683982683982715e-01,7.619047619047618625e-01
5.073529411764705621e-01,1.471861471861471982e-01,7.619047619047618625e-01
5.083333333333333037e-01,1.461038961038960970e-01,7.619047619047618625e-01
5.093137254901960453e-01,1.450216450216450237e-01,7.619047619047618625e-01
5.102941176470587870e-01,1.450216450216450237e-01,7.608225108225108446e-01
5.112745098039215286e-01,1.450216450216450237e-01,7.597402597402597157e-01
5.122549019607842702e-01,1.450216450216450237e-01,7.597402597402597157e-01
5.132352941176470118e-01,1.439393939393939503e-01,7.597402597402597157e-01
5.142156862745097534e-01,1.428571428571428492e-01,7.597402597402597157e-01
5.151960784313724950e-01,1.417748917748917759e-01,7.597402597402597157e-01
5.161764705882353477e-01,1.406926406926407025e-01,7.597402597402597157e-01
5.171568627450980893e-01,1.396103896103896014e-01,7.597402597402597157e-01
5.181372549019608309e-01,1.385281385281385280e-01,7.597402597402597157e-01
5.191176470588235725e-01,1.374458874458874547e-01,7.597402597402597157e-01
5.200980392156863141e-01,1.363636363636363535e-01,7.597402597402597157e-01
5.210784313725490557e-01,1.363636363636363535e-01,7.597402597402597157e-01
5.220588235294117974e-01,1.363636363636363535e-01,7.597402597402597157e-01
5.230392156862745390e-01,1.341991341991342068e-01,7.597402597402597157e-01
5.240196078431372806e-01,1.331168831168831057e-01,7.597402597402597157e-01
5.250000000000000222e-01,1.320346320346320323e-01,7.597402597402597157e-01
5.259803921568627638e-01,1.309523809523809590e-01,7.597402597402597157e-01
5.269607843137255054e-01,1.298701298701298579e-01,7.597402597402597157e-01
5.279411764705882470e-01,1.298701298701298579e-01,7.597402597402597157e-01
5.289215686274509887e-01,1.287878787878787845e-01,7.597402597402597157e-01
5.299019607843137303e-01,1.277056277056277112e-01,7.597402597402597157e-01
5.308823529411764719e-01,1.266233766233766100e-01,7.597402597402597157e-01
5.318627450980392135e-01,1.255411255411255367e-01,7.597402597402597157e-01
5.328431372549019551e-01,1.244588744588744633e-01,7.597402597402597157e-01
5.338235294117646967e-01,1.233766233766233761e-01,7.597402597402597157e-01
5.348039215686274384e-01,1.212121212121212155e-01,7.597402597402597157e-01
5.357843137254901800e-01,1.190476190476190410e-01,7.597402597402597157e-01
5.367647058823529216e-01,1.179653679653679677e-01,7.597402597402597157e-01
5.377450980392156632e-01,1.168831168831168804e-01,7.597402597402597157e-01
5.387254901960784048e-01,1.168831168831168804e-01,7.597402597402597157e-01
5.397058823529411464e-01,1.168831168831168804e-01,7.597402597402597157e-01
5.406862745098038880e-01,1.168831168831168804e-01,7.597402597402597157e-01
5.416666666666666297e-01,1.168831168831168804e-01,7.597402597402597157e-01
5.426470588235293713e-01,1.158008658008658071e-01,7.597402597402597157e-01
5.436274509803921129e-01,1.147186147186147198e-01,7.597402597402597157e-01
5.446078431372548545e-01,1.147186147186147198e-01,7.597402597402597157e-01
5.455882352941175961e-01,1.147186147186147198e-01,7.597402597402597157e-01
5.465686274509803377e-01,1.147186147186147198e-01,7.597402597402597157e-01
5.475490196078431904e-01,1.147186147186147198e-01,7.597402597402597157e-01
5.485294117647059320e-01,1.147186147186147198e-01,7.597402597402597157e-01
5.495098039215686736e-01,1.147186147186147198e-01,7.597402597402597157e-01
5.504901960784314152e-01,1.147186147186147198e-01,7.597402597402597157e-01
5.514705882352941568e-01,1.147186147186147198e-01,7.597402597402597157e-01
5.524509803921568984e-01,1.147186147186147198e-01,7.597402597402597157e-01
5.534313725490196401e-01,1.147186147186147198e-01,7.597402597402597157e-01
5.544117647058823817e-01,1.147186147186147198e-01,7.597402597402597157e-01
5.553921568627451233e-01,1.147186147186147198e-01,7.597402597402597157e-01
5.563725490196078649e-01,1.147186147186147198e-01,7.597402597402597157e-01
5.573529411764706065e-01,1.147186147186147198e-01,7.597402597402597157e-01
5.583333333333333481e-01,1.158008658008658071e-01,7.597402597402597157e-01
5.593137254901960898e-01,1.168831168831168804e-01,7.597402597402597157e-01
5.602941176470588314e-01,1.168831168831168804e-01,7.597402597402597157e-01
5.612745098039215730e-01,1.168831168831168804e-01,7.597402597402597157e-01
5.622549019607843146e-01,1.168831168831168804e-01,7.597402597402597157e-01
5.632352941176470562e-01,1.168831168831168804e-01,7.597402597402597157e-01
5.642156862745097978e-01,1.168831168831168804e-01,7.597402597402597157e-01
5.651960784313725394e-01,1.168831168831168804e-01,7.597402597402597157e-01
5.661764705882352811e-01,1.168831168831168804e-01,7.597402597402597157e-01
5.671568627450980227e-01,1.168831168831168804e-01,7.597402597402597157e-01
5.681372549019607643e-01,1.168831168831168804e-01,7.597402597402597157e-01
5.691176470588235059e-01,1.168831168831168804e-01,7.597402597402597157e-01
5.700980392156862475e-01,1.168831168831168804e-01,7.597402597402597157e-01
5.710784313725489891e-01,1.168831168831168804e-01,7.597402597402597157e-01
5.720588235294117307e-01,1.179653679653679677e-01,7.597402597402597157e-01
5.730392156862744724e-01,1.190476190476190410e-01,7.597402597402597157e-01
5.740196078431372140e-01,1.201298701298701282e-01,7.597402597402597157e-01
5.749999999999999556e-01,1.212121212121212155e-01,7.597402597402597157e-01
5.759803921568626972e-01,1.233766233766233761e-01,7.597402597402597157e-01
5.769607843137254388e-01,1.233766233766233761e-01,7.597402597402597157e-01
5.779411764705881804e-01,1.233766233766233761e-01,7.597402597402597157e-01
5.789215686274510331e-01,1.233766233766233761e-01,7.597402597402597157e-01
5.799019607843137747e-01,1.233766233766233761e-01,7.597402597402597157e-01
5.808823529411765163e-01,1.233766233766233761e-01,7.597402597402597157e-01
5.818627450980392579e-01,1.233766233766233761e-01,7.597402597402597157e-01
5.828431372549019995e-01,1.233766233766233761e-01,7.597402597402597157e-01
5.838235294117647411e-01,1.233766233766233761e-01,7.597402597402597157e-01
5.848039215686274828e-01,1.233766233766233761e-01,7.597402597402597157e-01
5.857843137254902244e-01,1.233766233766233761e-01,7.597402597402597157e-01
5.867647058823529660e-01,1.233766233766233761e-01,7.597402597402597157e-01
5.877450980392157076e-01,1.233766233766233761e-01,7.597402597402597157e-01
5.887254901960784492e-01,1.233766233766233761e-01,7.597402597402597157e-01
5.897058823529411908e-01,1.233766233766233761e-01,7.608225108225108446e-01
5.906862745098039325e-01,1.233766233766233761e-01,7.619047619047618625e-01
5.916666666666666741e-01,1.233766233766233761e-01,7.619047619047618625e-01
5.926470588235294157e-01,1.233766233766233761e-01,7.619047619047618625e-01
5.936274509803921573e-01,1.233766233766233761e-01,7.608225108225108446e-01
5.946078431372548989e-01,1.233766233766233761e-01,7.597402597402597157e-01
5.955882352941176405e-01,1.233766233766233761e-01,7.597402597402597157e-01
5.965686274509803821e-01,1.233766233766233761e-01,7.597402597402597157e-01
5.975490196078431238e-01,1.233766233766233761e-01,7.597402597402597157e-01
5.985294117647058654e-01,1.233766233766233761e-01,7.597402597402597157e-01
5.995098039215686070e-01,1.233766233766233761e-01,7.597402597402597157e-01
6.004901960784313486e-01,1.233766233766233761e-01,7.597402597402597157e-01
6.014705882352940902e-01,1.233766233766233761e-01,7.597402597402597157e-01
6.024509803921568318e-01,1.233766233766233761e-01,7.597402597402597157e-01
6.034313725490195734e-01,1.233766233766233761e-01,7.597402597402597157e-01
6.044117647058823151e-01,1.233766233766233761e-01,7.597402597402597157e-01
6.053921568627450567e-01,1.233766233766233761e-01,7.597402597402597157e-01
6.063725490196077983e-01,1.233766233766233761e-01,7.597402597402597157e-01
6.073529411764705399e-01,1.233766233766233761e-01,7.597402597402597157e-01
6.083333333333332815e-01,1.233766233766233761e-01,7.597402597402597157e-01
6.093137254901960231e-01,1.233766233766233761e-01,7.597402597402597157e-01
6.102941176470588758e-01,1.233766233766233761e-01,7.597402597402597157e-01
6.112745098039216174e-01,1.233766233766233761e-01,7.597402597402597157e-01
6.122549019607843590e-01,1.233766233766233761e-01,7.597402597402597157e-01
6.132352941176471006e-01,1.233766233766233761e-01,7.597402597402597157e-01
6.142156862745098422e-01,1.233766233766233761e-01,7.586580086580086979e-01
6.151960784313725839e-01,1.233766233766233761e-01,7.575757575757575690e-01
6.161764705882353255e-01,1.233766233766233761e-01,7.564935064935064402e-01
6.171568627450980671e-01,1.233766233766233761e-01,7.554112554112554223e-01
6.181372549019608087e-01,1.233766233766233761e-01,7.564935064935064402e-01
6.191176470588235503e-01,1.233766233766233761e-01,7.575757575757575690e-01
6.200980392156862919e-01,1.233766233766233761e-01,7.586580086580086979e-01
6.210784313725490335e-01,1.233766233766233761e-01,7.597402597402597157e-01
6.220588235294117752e-01,1.233766233766233761e-01,7.597402597402597157e-01
6.230392156862745168e-01,1.233766233766233761e-01,7.597402597402597157e-01
6.240196078431372584e-01,1.233766233766233761e-01,7.597402597402597157e-01
6.250000000000000000e-01,1.233766233766233761e-01,7.597402597402597157e-01
6.259803921568627416e-01,1.233766233766233761e-01,7.597402597402597157e-01
6.269607843137254832e-01,1.233766233766233761e-01,7.597402597402597157e-01
6.279411764705882248e-01,1.233766233766233761e-01,7.597402597402597157e-01
6.289215686274509665e-01,1.233766233766233761e-01,7.608225108225108446e-01
6.299019607843137081e-01,1.233766233766233761e-01,7.619047619047618625e-01
6.308823529411764497e-01,1.233766233766233761e-01,7.619047619047618625e-01
6.318627450980391913e-01,1.233766233766233761e-01,7.619047619047618625e-01
6.328431372549019329e-01,1.233766233766233761e-01,7.619047619047618625e-01
6.338235294117646745e-01,1.212121212121212155e-01,7.629870129870129913e-01
6.348039215686274161e-01,1.190476190476190410e-01,7.640692640692641202e-01
6.357843137254901578e-01,1.179653679653679677e-01,7.651515151515151381e-01
6.367647058823528994e-01,1.168831168831168804e-01,7.662337662337662669e-01
6.377450980392156410e-01,1.168831168831168804e-01,7.662337662337662669e-01
6.387254901960783826e-01,1.168831168831168804e-01,7.662337662337662669e-01
6.397058823529411242e-01,1.168831168831168804e-01,7.662337662337662669e-01
6.406862745098039769e-01,1.168831168831168804e-01,7.662337662337662669e-01
6.416666666666667185e-01,1.168831168831168804e-01,7.662337662337662669e-01
6.426470588235294601e-01,1.168831168831168804e-01,7.662337662337662669e-01
6.436274509803922017e-01,1.168831168831168804e-01,7.662337662337662669e-01
6.446078431372549433e-01,1.168831168831168804e-01,7.662337662337662669e-01
6.455882352941176849e-01,1.168831168831168804e-01,7.662337662337662669e-01
6.465686274509804266e-01,1.168831168831168804e-01,7.662337662337662669e-01
6.475490196078431682e-01,1.168831168831168804e-01,7.651515151515151381e-01
6.485294117647059098e-01,1.168831168831168804e-01,7.640692640692641202e-01
6.495098039215686514e-01,1.168831168831168804e-01,7.629870129870129913e-01
6.504901960784313930e-01,1.168831168831168804e-01,7.619047619047618625e-01
6.514705882352941346e-01,1.168831168831168804e-01,7.619047619047618625e-01
6.524509803921568762e-01,1.168831168831168804e-01,7.619047619047618625e-01
6.534313725490196179e-01,1.168831168831168804e-01,7.619047619047618625e-01
6.544117647058823595e-01,1.168831168831168804e-01,7.619047619047618625e-01
6.553921568627451011e-01,1.168831168831168804e-01,7.619047619047618625e-01
6.563725490196078427e-01,1.168831168831168804e-01,7.619047619047618625e-01
6.573529411764705843e-01,1.168831168831168804e-01,7.619047619047618625e-01
6.583333333333333259e-01,1.168831168831168804e-01,7.619047619047618625e-01
6.593137254901960675e-01,1.168831168831168804e-01,7.619047619047618625e-01
6.602941176470588092e-01,1.168831168831168804e-01,7.619047619047618625e-01
6.612745098039215508e-01,1.168831168831168804e-01,7.619047619047618625e-01
6.622549019607842924e-01,1.168831168831168804e-01,7.619047619047618625e-01
6.632352941176470340e-01,1.168831168831168804e-01,7.619047619047618625e-01
6.642156862745097756e-01,1.168831168831168804e-01,7.619047619047618625e-01
6.651960784313725172e-01,1.168831168831168804e-01,7.608225108225108446e-01
6.661764705882352589e-01,1.168831168831168804e-01,7.597402597402597157e-01
6.671568627450980005e-01,1.168831168831168804e-01,7.597402597402597157e-01
6.681372549019607421e-01,1.168831168831168804e-01,7.597402597402597157e-01
6.691176470588234837e-01,1.168831168831168804e-01,7.597402597402597157e-01
6.700980392156862253e-01,1.168831168831168804e-01,7.597402597402597157e-01
6.710784313725489669e-01,1.168831168831168804e-01,7.597402597402597157e-01
6.720588235294118196e-01,1.168831168831168804e-01,7.597402597402597157e-01
6.730392156862745612e-01,1.168831168831168804e-01,7.597402597402597157e-01
6.740196078431373028e-01,1.168831168831168804e-01,7.597402597402597157e-01
6.750000000000000444e-01,1.168831168831168804e-01,7.597402597402597157e-01
6.759803921568627860e-01,1.168831168831168804e-01,7.597402597402597157e-01
6.769607843137255276e-01,1.168831168831168804e-01,7.597402597402597157e-01
6.779411764705882693e-01,1.168831168831168804e-01,7.597402597402597157e-01
6.789215686274510109e-01,1.168831168831168804e-01,7.597402597402597157e-01
6.799019607843137525e-01,1.158008658008658071e-01,7.597402597402597157e-01
6.808823529411764941e-01,1.147186147186147198e-01,7.597402597402597157e-01
6.818627450980392357e-01,1.147186147186147198e-01,7.597402597402597157e-01
6.828431372549019773e-01,1.147186147186147198e-01,7.597402597402597157e-01
6.838235294117647189e-01,1.147186147186147198e-01,7.597402597402597157e-01
6.848039215686274606e-01,1.147186147186147198e-01,7.586580086580086979e-01
6.857843137254902022e-01,1.147186147186147198e-01,7.575757575757575690e-01
6.867647058823529438e-01,1.136363636363636326e-01,7.564935064935064402e-01
6.877450980392156854e-01,1.125541125541125592e-01,7.554112554112554223e-01
6.887254901960784270e-01,1.114718614718614720e-01,7.532467532467532756e-01
6.897058823529411686e-01,1.103896103896103847e-01,7.532467532467532756e-01
6.906862745098039102e-01,1.103896103896103847e-01,7.532467532467532756e-01
6.916666666666666519e-01,1.103896103896103847e-01,7.532467532467532756e-01
6.926470588235293935e-01,1.103896103896103847e-01,7.521645021645021467e-01
6.936274509803921351e-01,1.103896103896103847e-01,7.510822510822511289e-01
6.946078431372548767e-01,1.103896103896103847e-01,7.500000000000000000e-01
6.955882352941176183e-01,1.103896103896103847e-01,7.489177489177488711e-01
6.965686274509803599e-01,1.103896103896103847e-01,7.489177489177488711e-01
6.975490196078431016e-01,1.103896103896103847e-01,7.489177489177488711e-01
6.985294117647058432e-01,1.103896103896103847e-01,7.489177489177488711e-01
6.995098039215685848e-01,1.114718614718614720e-01,7.489177489177488711e-01
7.004901960784313264e-01,1.125541125541125592e-01,7.489177489177488711e-01
7.014705882352940680e-01,1.125541125541125592e-01,7.489177489177488711e-01
7.024509803921568096e-01,1.136363636363636326e-01,7.489177489177488711e-01
7.034313725490196623e-01,1.147186147186147198e-01,7.489177489177488711e-01
7.044117647058824039e-01,1.147186147186147198e-01,7.478354978354978533e-01
7.053921568627451455e-01,1.147186147186147198e-01,7.467532467532467244e-01
7.063725490196078871e-01,1.147186147186147198e-01,7.467532467532467244e-01
7.073529411764706287e-01,1.147186147186147198e-01,7.467532467532467244e-01
7.083333333333333703e-01,1.158008658008658071e-01,7.467532467532467244e-01
7.093137254901961120e-01,1.168831168831168804e-01,7.467532467532467244e-01
7.102941176470588536e-01,1.168831168831168804e-01,7.467532467532467244e-01
7.112745098039215952e-01,1.168831168831168804e-01,7.456709956709957066e-01
7.122549019607843368e-01,1.168831168831168804e-01,7.445887445887445777e-01
7.132352941176470784e-01,1.168831168831168804e-01,7.424242424242424310e-01
7.142156862745098200e-01,1.168831168831168804e-01,7.402597402597402843e-01
7.151960784313725616e-01,1.168831168831168804e-01,7.402597402597402843e-01
7.161764705882353033e-01,1.168831168831168804e-01,7.402597402597402843e-01
7.171568627450980449e-01,1.168831168831168804e-01,7.402597402597402843e-01
7.181372549019607865e-01,1.168831168831168804e-01,7.402597402597402843e-01
7.191176470588235281e-01,1.168831168831168804e-01,7.402597402597402843e-01
7.200980392156862697e-01,1.168831168831168804e-01,7.402597402597402843e-01
7.210784313725490113e-01,1.168831168831168804e-01,7.402597402597402843e-01
7.220588235294117530e-01,1.168831168831168804e-01,7.402597402597402843e-01
7.230392156862744946e-01,1.168831168831168804e-01,7.402597402597402843e-01
7.240196078431372362e-01,1.168831168831168804e-01,7.402597402597402843e-01
7.249999999999999778e-01,1.168831168831168804e-01,7.402597402597402843e-01
7.259803921568627194e-01,1.158008658008658071e-01,7.402597402597402843e-01
7.269607843137254610e-01,1.147186147186147198e-01,7.402597402597402843e-01
7.279411764705882026e-01,1.147186147186147198e-01,7.391774891774891554e-01
7.289215686274509443e-01,1.136363636363636326e-01,7.380952380952381375e-01
7.299019607843136859e-01,1.125541125541125592e-01,7.370129870129870087e-01
7.308823529411764275e-01,1.114718614718614720e-01,7.359307359307358798e-01
7.318627450980391691e-01,1.103896103896103847e-01,7.359307359307358798e-01
7.328431372549019107e-01,1.103896103896103847e-01,7.359307359307358798e-01
7.338235294117646523e-01,1.103896103896103847e-01,7.370129870129870087e-01
7.348039215686275050e-01,1.103896103896103847e-01,7.380952380952381375e-01
7.357843137254902466e-01,1.103896103896103847e-01,7.391774891774891554e-01
7.367647058823529882e-01,1.103896103896103847e-01,7.402597402597402843e-01
7.377450980392157298e-01,1.103896103896103847e-01,7.402597402597402843e-01
7.387254901960784714e-01,1.103896103896103847e-01,7.402597402597402843e-01
7.397058823529412130e-01,1.103896103896103847e-01,7.402597402597402843e-01
7.406862745098039547e-01,1.103896103896103847e-01,7.402597402597402843e-01
7.416666666666666963e-01,1.103896103896103847e-01,7.424242424242424310e-01
7.426470588235294379e-01,1.103896103896103847e-01,7.435064935064935598e-01
7.436274509803921795e-01,1.103896103896103847e-01,7.445887445887445777e-01
7.446078431372549211e-01,1.103896103896103847e-01,7.456709956709957066e-01
7.455882352941176627e-01,1.103896103896103847e-01,7.467532467532467244e-01
7.465686274509804043e-01,1.103896103896103847e-01,7.467532467532467244e-01
7.475490196078431460e-01,1.103896103896103847e-01,7.467532467532467244e-01
7.485294117647058876e-01,1.103896103896103847e-01,7.478354978354978533e-01
7.495098039215686292e-01,1.103896103896103847e-01,7.489177489177488711e-01
7.504901960784313708e-01,1.103896103896103847e-01,7.489177489177488711e-01
7.514705882352941124e-01,1.103896103896103847e-01,7.489177489177488711e-01
7.524509803921568540e-01,1.103896103896103847e-01,7.489177489177488711e-01
7.534313725490195957e-01,1.103896103896103847e-01,7.489177489177488711e-01
7.544117647058823373e-01,1.103896103896103847e-01,7.489177489177488711e-01
7.553921568627450789e-01,1.114718614718614720e-01,7.489177489177488711e-01
7.563725490196078205e-01,1.125541125541125592e-01,7.489177489177488711e-01
7.573529411764705621e-01,1.125541125541125592e-01,7.489177489177488711e-01
7.583333333333333037e-01,1.136363636363636326e-01,7.489177489177488711e-01
7.593137254901960453e-01,1.147186147186147198e-01,7.489177489177488711e-01
7.602941176470587870e-01,1.147186147186147198e-01,7.489177489177488711e-01
7.612745098039215286e-01,1.147186147186147198e-01,7.489177489177488711e-01
7.622549019607842702e-01,1.147186147186147198e-01,7.489177489177488711e-01
7.632352941176470118e-01,1.147186147186147198e-01,7.489177489177488711e-01
7.642156862745097534e-01,1.147186147186147198e-01,7.489177489177488711e-01
7.651960784313724950e-01,1.158008658008658071e-01,7.478354978354978533e-01
7.661764705882353477e-01,1.168831168831168804e-01,7.467532467532467244e-01
7.671568627450980893e-01,1.168831168831168804e-01,7.456709956709957066e-01
7.681372549019608309e-01,1.168831168831168804e-01,7.445887445887445777e-01
7.691176470588235725e-01,1.179653679653679677e-01,7.424242424242424310e-01
7.700980392156863141e-01,1.190476190476190410e-01,7.402597402597402843e-01
7.710784313725490557e-01,1.201298701298701282e-01,7.402597402597402843e-01
7.720588235294117974e-01,1.212121212121212155e-01,7.380952380952381375e-01
7.730392156862745390e-01,1.233766233766233761e-01,7.370129870129870087e-01
7.740196078431372806e-01,1.233766233766233761e-01,7.348484848484848619e-01
7.750000000000000222e-01,1.233766233766233761e-01,7.316017316017315864e-01
7.759803921568627638e-01,1.244588744588744633e-01,7.316017316017315864e-01
7.769607843137255054e-01,1.255411255411255367e-01,7.316017316017315864e-01
7.779411764705882470e-01,1.266233766233766100e-01,7.316017316017315864e-01
7.789215686274509887e-01,1.277056277056277112e-01,7.316017316017315864e-01
7.799019607843137303e-01,1.277056277056277112e-01,7.316017316017315864e-01
7.808823529411764719e-01,1.277056277056277112e-01,7.316017316017315864e-01
7.818627450980392135e-01,1.277056277056277112e-01,7.316017316017315864e-01
7.828431372549019551e-01,1.277056277056277112e-01,7.316017316017315864e-01
7.838235294117646967e-01,1.277056277056277112e-01,7.316017316017315864e-01
7.848039215686274384e-01,1.287878787878787845e-01,7.316017316017315864e-01
7.857843137254901800e-01,1.298701298701298579e-01,7.316017316017315864e-01
7.867647058823529216e-01,1.298701298701298579e-01,7.316017316017315864e-01
7.877450980392156632e-01,1.298701298701298579e-01,7.316017316017315864e-01
7.887254901960784048e-01,1.309523809523809590e-01,7.316017316017315864e-01
7.897058823529411464e-01,1.320346320346320323e-01,7.316017316017315864e-01
7.906862745098038880e-01,1.331168831168831057e-01,7.316017316017315864e-01
7.916666666666666297e-01,1.341991341991342068e-01,7.316017316017315864e-01
7.926470588235293713e-01,1.363636363636363535e-01,7.316017316017315864e-01
7.936274509803921129e-01,1.363636363636363535e-01,7.316017316017315864e-01
7.946078431372548545e-01,1.363636363636363535e-01,7.316017316017315864e-01
7.955882352941175961e-01,1.363636363636363535e-01,7.316017316017315864e-01
7.965686274509803377e-01,1.363636363636363535e-01,7.316017316017315864e-01
7.975490196078431904e-01,1.363636363636363535e-01,7.316017316017315864e-01
7.985294117647059320e-01,1.363636363636363535e-01,7.337662337662337331e-01
7.995098039215686736e-01,1.363636363636363535e-01,7.348484848484848619e-01
8.004901960784314152e-01,1.363636363636363535e-01,7.359307359307358798e-01
8.014705882352941568e-01,1.374458874458874547e-01,7.359307359307358798e-01
8.024509803921568984e-01,1.385281385281385280e-01,7.359307359307358798e-01
8.034313725490196401e-01,1.396103896103896014e-01,7.359307359307358798e-01
8.044117647058823817e-01,1.406926406926407025e-01,7.359307359307358798e-01
8.053921568627451233e-01,1.406926406926407025e-01,7.359307359307358798e-01
8.063725490196078649e-01,1.406926406926407025e-01,7.359307359307358798e-01
8.073529411764706065e-01,1.406926406926407025e-01,7.359307359307358798e-01
8.083333333333333481e-01,1.406926406926407025e-01,7.359307359307358798e-01
8.093137254901960898e-01,1.406926406926407025e-01,7.359307359307358798e-01
8.102941176470588314e-01,1.406926406926407025e-01,7.359307359307358798e-01
8.112745098039215730e-01,1.406926406926407025e-01,7.359307359307358798e-01
8.122549019607843146e-01,1.406926406926407025e-01,7.359307359307358798e-01
8.132352941176470562e-01,1.406926406926407025e-01,7.359307359307358798e-01
8.142156862745097978e-01,1.406926406926407025e-01,7.359307359307358798e-01
8.151960784313725394e-01,1.406926406926407025e-01,7.359307359307358798e-01
8.161764705882352811e-01,1.406926406926407025e-01,7.359307359307358798e-01
8.171568627450980227e-01,1.406926406926407025e-01,7.359307359307358798e-01
8.181372549019607643e-01,1.406926406926407025e-01,7.359307359307358798e-01
8.191176470588235059e-01,1.406926406926407025e-01,7.359307359307358798e-01
8.200980392156862475e-01,1.406926406926407025e-01,7.359307359307358798e-01
8.210784313725489891e-01,1.406926406926407025e-01,7.359307359307358798e-01
8.220588235294117307e-01,1.406926406926407025e-01,7.359307359307358798e-01
8.230392156862744724e-01,1.406926406926407025e-01,7.359307359307358798e-01
8.240196078431372140e-01,1.406926406926407025e-01,7.359307359307358798e-01
8.249999999999999556e-01,1.406926406926407025e-01,7.359307359307358798e-01
8.259803921568626972e-01,1.406926406926407025e-01,7.348484848484848619e-01
8.269607843137254388e-01,1.406926406926407025e-01,7.337662337662337331e-01
8.279411764705881804e-01,1.406926406926407025e-01,7.326839826839827152e-01
8.289215686274510331e-01,1.396103896103896014e-01,7.316017316017315864e-01
8.299019607843137747e-01,1.385281385281385280e-01,7.316017316017315864e-01
8.308823529411765163e-01,1.374458874458874547e-01,7.316017316017315864e-01
8.318627450980392579e-01,1.363636363636363535e-01,7.305194805194805685e-01
8.328431372549019995e-01,1.363636363636363535e-01,7.283549783549783108e-01
8.338235294117647411e-01,1.363636363636363535e-01,7.272727272727272929e-01
8.348039215686274828e-01,1.363636363636363535e-01,7.272727272727272929e-01
8.357843137254902244e-01,1.363636363636363535e-01,7.272727272727272929e-01
8.367647058823529660e-01,1.363636363636363535e-01,7.272727272727272929e-01
8.377450980392157076e-01,1.363636363636363535e-01,7.272727272727272929e-01
8.387254901960784492e-01,1.363636363636363535e-01,7.272727272727272929e-01
8.397058823529411908e-01,1.363636363636363535e-01,7.272727272727272929e-01
8.406862745098039325e-01,1.363636363636363535e-01,7.272727272727272929e-01
8.416666666666666741e-01,1.363636363636363535e-01,7.272727272727272929e-01
8.426470588235294157e-01,1.363636363636363535e-01,7.272727272727272929e-01
8.436274509803921573e-01,1.363636363636363535e-01,7.272727272727272929e-01
8.446078431372548989e-01,1.363636363636363535e-01,7.272727272727272929e-01
8.455882352941176405e-01,1.363636363636363535e-01,7.272727272727272929e-01
8.465686274509803821e-01,1.363636363636363535e-01,7.272727272727272929e-01
8.475490196078431238e-01,1.363636363636363535e-01,7.272727272727272929e-01
8.485294117647058654e-01,1.363636363636363535e-01,7.272727272727272929e-01
8.495098039215686070e-01,1.363636363636363535e-01,7.272727272727272929e-01
8.504901960784313486e-01,1.363636363636363535e-01,7.272727272727272929e-01
8.514705882352940902e-01,1.363636363636363535e-01,7.283549783549783108e-01
8.524509803921568318e-01,1.363636363636363535e-01,7.305194805194805685e-01
8.534313725490195734e-01,1.363636363636363535e-01,7.316017316017315864e-01
8.544117647058823151e-01,1.363636363636363535e-01,7.316017316017315864e-01
8.553921568627450567e-01,1.363636363636363535e-01,7.316017316017315864e-01
8.563725490196077983e-01,1.363636363636363535e-01,7.316017316017315864e-01
8.573529411764705399e-01,1.363636363636363535e-01,7.316017316017315864e-01
8.583333333333332815e-01,1.363636363636363535e-01,7.305194805194805685e-01
8.593137254901960231e-01,1.363636363636363535e-01,7.294372294372294396e-01
8.602941176470588758e-01,1.363636363636363535e-01,7.283549783549783108e-01
8.612745098039216174e-01,1.363636363636363535e-01,7.272727272727272929e-01
8.622549019607843590e-01,1.363636363636363535e-01,7.272727272727272929e-01
8.632352941176471006e-01,1.363636363636363535e-01,7.272727272727272929e-01
8.642156862745098422e-01,1.363636363636363535e-01,7.261904761904761640e-01
8.651960784313725839e-01,1.363636363636363535e-01,7.251082251082251462e-01
8.661764705882353255e-01,1.363636363636363535e-01,7.240259740259740173e-01
8.671568627450980671e-01,1.363636363636363535e-01,7.218614718614718706e-01
8.681372549019608087e-01,1.363636363636363535e-01,7.207792207792207417e-01
8.691176470588235503e-01,1.363636363636363535e-01,7.196969696969697239e-01
8.700980392156862919e-01,1.363636363636363535e-01,7.186147186147185950e-01
8.710784313725490335e-01,1.363636363636363535e-01,7.186147186147185950e-01
8.720588235294117752e-01,1.363636363636363535e-01,7.164502164502164483e-01
8.730392156862745168e-01,1.363636363636363535e-01,7.153679653679653194e-01
8.740196078431372584e-01,1.363636363636363535e-01,7.132034632034631727e-01
8.750000000000000000e-01,1.363636363636363535e-01,7.121212121212121549e-01
8.759803921568627416e-01,1.363636363636363535e-01,7.099567099567100081e-01
8.769607843137254832e-01,1.363636363636363535e-01,7.099567099567100081e-01
8.779411764705882248e-01,1.363636363636363535e-01,7.099567099567100081e-01
8.789215686274509665e-01,1.363636363636363535e-01,7.099567099567100081e-01
8.799019607843137081e-01,1.363636363636363535e-01,7.099567099567100081e-01
8.808823529411764497e-01,1.363636363636363535e-01,7.099567099567100081e-01
8.818627450980391913e-01,1.363636363636363535e-01,7.099567099567100081e-01
8.828431372549019329e-01,1.363636363636363535e-01,7.099567099567100081e-01
8.838235294117646745e-01,1.363636363636363535e-01,7.099567099567100081e-01
8.848039215686274161e-01,1.363636363636363535e-01,7.099567099567100081e-01
8.857843137254901578e-01,1.363636363636363535e-01,7.099567099567100081e-01
8.867647058823528994e-01,1.363636363636363535e-01,7.099567099567100081e-01
8.877450980392156410e-01,1.363636363636363535e-01,7.099567099567100081e-01
8.887254901960783826e-01,1.363636363636363535e-01,7.099567099567100081e-01
8.897058823529411242e-01,1.363636363636363535e-01,7.099567099567100081e-01
8.906862745098039769e-01,1.363636363636363535e-01,7.099567099567100081e-01
8.916666666666667185e-01,1.363636363636363535e-01,7.099567099567100081e-01
8.926470588235294601e-01,1.363636363636363535e-01,7.099567099567100081e-01
8.936274509803922017e-01,1.363636363636363535e-01,7.099567099567100081e-01
8.946078431372549433e-01,1.363636363636363535e-01,7.099567099567100081e-01
8.955882352941176849e-01,1.363636363636363535e-01,7.099567099567100081e-01
8.965686274509804266e-01,1.363636363636363535e-01,7.099567099567100081e-01
8.975490196078431682e-01,1.363636363636363535e-01,7.099567099567100081e-01
8.985294117647059098e-01,1.363636363636363535e-01,7.099567099567100081e-01
8.995098039215686514e-01,1.363636363636363535e-01,7.099567099567100081e-01
9.004901960784313930e-01,1.363636363636363535e-01,7.099567099567100081e-01
9.014705882352941346e-01,1.363636363636363535e-01,7.099567099567100081e-01
9.024509803921568762e-01,1.363636363636363535e-01,7.099567099567100081e-01
9.034313725490196179e-01,1.363636363636363535e-01,7.099567099567100081e-01
9.044117647058823595e-01,1.363636363636363535e-01,7.099567099567100081e-01
9.053921568627451011e-01,1.363636363636363535e-01,7.099567099567100081e-01
9.063725490196078427e-01,1.363636363636363535e-01,7.099567099567100081e-01
9.073529411764705843e-01,1.363636363636363535e-01,7.099567099567100081e-01
9.083333333333333259e-01,1.363636363636363535e-01,7.099567099567100081e-01
9.093137254901960675e-01,1.363636363636363535e-01,7.099567099567100081e-01
9.102941176470588092e-01,1.363636363636363535e-01,7.099567099567100081e-01
9.112745098039215508e-01,1.363636363636363535e-01,7.099567099567100081e-01
9.122549019607842924e-01,1.363636363636363535e-01,7.099567099567100081e-01
9.132352941176470340e-01,1.363636363636363535e-01,7.099567099567100081e-01
9.142156862745097756e-01,1.341991341991342068e-01,7.110389610389610260e-01
9.151960784313725172e-01,1.320346320346320323e-01,7.121212121212121549e-01
9.161764705882352589e-01,1.309523809523809590e-01,7.132034632034631727e-01
9.171568627450980005e-01,1.298701298701298579e-01,7.142857142857143016e-01
9.181372549019607421e-01,1.298701298701298579e-01,7.142857142857143016e-01
9.191176470588234837e-01,1.298701298701298579e-01,7.142857142857143016e-01
9.200980392156862253e-01,1.298701298701298579e-01,7.142857142857143016e-01
9.210784313725489669e-01,1.298701298701298579e-01,7.142857142857143016e-01
9.220588235294118196e-01,1.298701298701298579e-01,7.142857142857143016e-01
9.230392156862745612e-01,1.298701298701298579e-01,7.142857142857143016e-01
9.240196078431373028e-01,1.298701298701298579e-01,7.142857142857143016e-01
9.250000000000000444e-01,1.298701298701298579e-01,7.142857142857143016e-01
9.259803921568627860e-01,1.298701298701298579e-01,7.142857142857143016e-01
9.269607843137255276e-01,1.298701298701298579e-01,7.142857142857143016e-01
9.279411764705882693e-01,1.298701298701298579e-01,7.142857142857143016e-01
9.289215686274510109e-01,1.298701298701298579e-01,7.142857142857143016e-01
9.299019607843137525e-01,1.298701298701298579e-01,7.142857142857143016e-01
9.308823529411764941e-01,1.298701298701298579e-01,7.142857142857143016e-01
9.318627450980392357e-01,1.298701298701298579e-01,7.142857142857143016e-01
9.328431372549019773e-01,1.309523809523809590e-01,7.142857142857143016e-01
9.338235294117647189e-01,1.320346320346320323e-01,7.142857142857143016e-01
9.348039215686274606e-01,1.331168831168831057e-01,7.142857142857143016e-01
9.357843137254902022e-01,1.341991341991342068e-01,7.142857142857143016e-01
9.367647058823529438e-01,1.341991341991342068e-01,7.142857142857143016e-01
9.377450980392156854e-01,1.331168831168831057e-01,7.142857142857143016e-01
9.387254901960784270e-01,1.320346320346320323e-01,7.142857142857143016e-01
9.397058823529411686e-01,1.309523809523809590e-01,7.142857142857143016e-01
9.406862745098039102e-01,1.298701298701298579e-01,7.142857142857143016e-01
9.416666666666666519e-01,1.298701298701298579e-01,7.142857142857143016e-01
9.426470588235293935e-01,1.298701298701298579e-01,7.142857142857143016e-01
9.436274509803921351e-01,1.298701298701298579e-01,7.142857142857143016e-01
9.446078431372548767e-01,1.298701298701298579e-01,7.142857142857143016e-01
9.455882352941176183e-01,1.298701298701298579e-01,7.142857142857143016e-01
9.465686274509803599e-01,1.287878787878787845e-01,7.142857142857143016e-01
9.475490196078431016e-01,1.277056277056277112e-01,7.142857142857143016e-01
9.485294117647058432e-01,1.277056277056277112e-01,7.142857142857143016e-01
9.495098039215685848e-01,1.277056277056277112e-01,7.142857142857143016e-01
9.504901960784313264e-01,1.266233766233766100e-01,7.142857142857143016e-01
9.514705882352940680e-01,1.255411255411255367e-01,7.142857142857143016e-01
9.524509803921568096e-01,1.244588744588744633e-01,7.142857142857143016e-01
9.534313725490196623e-01,1.233766233766233761e-01,7.142857142857143016e-01
9.544117647058824039e-01,1.233766233766233761e-01,7.142857142857143016e-01
9.553921568627451455e-01,1.233766233766233761e-01,7.142857142857143016e-01
9.563725490196078871e-01,1.233766233766233761e-01,7.142857142857143016e-01
9.573529411764706287e-01,1.233766233766233761e-01,7.142857142857143016e-01
9.583333333333333703e-01,1.233766233766233761e-01,7.142857142857143016e-01
9.593137254901961120e-01,1.233766233766233761e-01,7.142857142857143016e-01
9.602941176470588536e-01,1.233766233766233761e-01,7.142857142857143016e-01
9.612745098039215952e-01,1.233766233766233761e-01,7.142857142857143016e-01
9.622549019607843368e-01,1.233766233766233761e-01,7.142857142857143016e-01
9.632352941176470784e-01,1.233766233766233761e-01,7.142857142857143016e-01
9.642156862745098200e-01,1.244588744588744633e-01,7.142857142857143016e-01
9.651960784313725616e-01,1.255411255411255367e-01,7.142857142857143016e-01
9.661764705882353033e-01,1.266233766233766100e-01,7.142857142857143016e-01
9.671568627450980449e-01,1.277056277056277112e-01,7.153679653679653194e-01
9.681372549019607865e-01,1.277056277056277112e-01,7.164502164502164483e-01
9.691176470588235281e-01,1.277056277056277112e-01,7.175324675324675772e-01
9.700980392156862697e-01,1.277056277056277112e-01,7.186147186147185950e-01
9.710784313725490113e-01,1.277056277056277112e-01,7.186147186147185950e-01
9.720588235294117530e-01,1.277056277056277112e-01,7.186147186147185950e-01
9.730392156862744946e-01,1.277056277056277112e-01,7.186147186147185950e-01
9.740196078431372362e-01,1.277056277056277112e-01,7.186147186147185950e-01
9.749999999999999778e-01,1.277056277056277112e-01,7.186147186147185950e-01
9.759803921568627194e-01,1.277056277056277112e-01,7.196969696969697239e-01
9.769607843137254610e-01,1.277056277056277112e-01,7.207792207792207417e-01
9.779411764705882026e-01,1.277056277056277112e-01,7.218614718614718706e-01
9.789215686274509443e-01,1.277056277056277112e-01,7.229437229437228885e-01
9.799019607843136859e-01,1.277056277056277112e-01,7.229437229437228885e-01
9.808823529411764275e-01,1.277056277056277112e-01,7.229437229437228885e-01
9.818627450980391691e-01,1.277056277056277112e-01,7.229437229437228885e-01
9.828431372549019107e-01,1.277056277056277112e-01,7.229437229437228885e-01
9.838235294117646523e-01,1.277056277056277112e-01,7.240259740259740173e-01
9.848039215686275050e-01,1.277056277056277112e-01,7.251082251082251462e-01
9.857843137254902466e-01,1.277056277056277112e-01,7.261904761904761640e-01
9.867647058823529882e-01,1.277056277056277112e-01,7.272727272727272929e-01
9.877450980392157298e-01,1.277056277056277112e-01,7.272727272727272929e-01
9.887254901960784714e-01,1.277056277056277112e-01,7.272727272727272929e-01
9.897058823529412130e-01,1.277056277056277112e-01,7.272727272727272929e-01
9.906862745098039547e-01,1.277056277056277112e-01,7.272727272727272929e-01
9.916666666666666963e-01,1.266233766233766100e-01,7.272727272727272929e-01
9.926470588235294379e-01,1.255411255411255367e-01,7.272727272727272929e-01
9.936274509803921795e-01,1.244588744588744633e-01,7.272727272727272929e-01
9.946078431372549211e-01,1.233766233766233761e-01,7.272727272727272929e-01
9.955882352941176627e-01,1.212121212121212155e-01,7.272727272727272929e-01
9.965686274509804043e-01,1.201298701298701282e-01,7.272727272727272929e-01
9.975490196078431460e-01,1.201298701298701282e-01,7.272727272727272929e-01
9.985294117647058876e-01,1.201298701298701282e-01,7.272727272727272929e-01
9.995098039215686292e-01,1.201298701298701282e-01,7.272727272727272929e-01
